NAME	# MATCHING PROBE SETS	MATCHING PROBE SET(S)	
S100A4	1	S100a4	
LGALS1	1	Lgals1	
H1-5	1	Hist1h1b	
HMGB2	1	Hmgb2	
MKI67	1	Mki67	
TOP2A	1	Top2a	
CTLA4	1	Ctla4	
STMN1	1	Stmn1	
S100A10	1	S100a10	
VIM	1	Vim	
IL17A	1	Il17a	
H2AZ1	1	H2afz	
MAF	1	Maf	
CRIP1	1	Crip1	
S100A6	1	S100a6	
PCLAF	1	Pclaf	
LMNB1	1	Lmnb1	
CMTM7	1	Cmtm7	
UBE2C	1	Ube2c	
TMEM163	1	Tmem163	
NT5E	1	Nt5e	
LGALS3	1	Lgals3	
IGFBP7	1	Igfbp7	
BIRC5	1	Birc5	
NKG7	1	Nkg7	
CAPG	1	Capg	
ARL6IP1	1	Arl6ip1	
RORA	1	Rora	
LGALS7	1	Lgals7	
SRGN	1	Srgn	
DIAPH3	1	Diaph3	
BHLHE40	1	Bhlhe40	
H4C1	1	Hist1h4d	
S100A11	1	S100a11	
RBPJ	1	Rbpj	
PIM1	1	Pim1	
PTMS	1	Ptms	
IL18R1	1	Il18r1	
DENND4A	1	Dennd4a	
UBASH3B	1	Ubash3b	
ITGAV	1	Itgav	
CENPA	1	Cenpa	
RBM3	1	Rbm3	
CDCA8	1	Cdca8	
ATXN1	1	Atxn1	
AHNAK	1	Ahnak	
DUT	1	Dut	
CENPF	1	Cenpf	
ACTG1	1	Actg1	
IFNGR1	1	Ifngr1	
H1-4	1	Hist1h1e	
NUSAP1	1	Nusap1	
LAG3	1	Lag3	
PTMA	1	Ptma	
KDM2B	1	Kdm2b	
IL2RB	1	Il2rb	
HMGB1	1	Hmgb1	
ANXA2	1	Anxa2	
MXI1	1	Mxi1	
OSBPL3	1	Osbpl3	
TUBB	1	Tubb5	
PRC1	1	Prc1	
RUNX2	1	Runx2	
ATP2B4	1	Atp2b4	
ICOS	1	Icos	
RABGAP1L	1	Rabgap1l	
ODC1	1	Odc1	
IL2RA	1	Il2ra	
CKS2	1	Cks2	
RGS1	1	Rgs1	
ANP32E	1	Anp32e	
NRGN	1	Nrgn	
SMC2	1	Smc2	
STX11	1	Stx11	
TXN	1	Txn1	
KIF11	1	Kif11	
CENPE	1	Cenpe	
GADD45B	1	Gadd45b	
EEA1	1	Eea1	
H2AX	1	H2afx	
HIF1A	1	Hif1a	
GAPDH	1	Gapdh	
FURIN	1	Furin	
LIG1	1	Lig1	
TPX2	1	Tpx2	
ARHGAP31	1	Arhgap31	
TAGLN2	1	Tagln2	
LAMC1	1	Lamc1	
TNFRSF9	1	Tnfrsf9	
PTPRJ	1	Ptprj	
H2AZ2	1	H2afv	
ALCAM	1	Alcam	
TRPS1	1	Trps1	
TUBA1B	1	Tuba1b	
NFKBIA	1	Nfkbia	
CKS1B	1	Cks1b	
PLAC8	1	Plac8	
TNFRSF4	1	Tnfrsf4	
TNFSF11	1	Tnfsf11	
CDK6	1	Cdk6	
NSD2	1	Nsd2	
KNL1	1	Knl1	
DEK	1	Dek	
HIP1	1	Hip1	
NIBAN1	1	Fam129a	
NFKB1	1	Nfkb1	
CREM	1	Crem	
HMGN2	1	Hmgn2	
CALM3	1	Calm3	
POLA1	1	Pola1	
JUNB	1	Junb	
RAD51B	1	Rad51b	
REEP5	1	Reep5	
INCENP	1	Incenp	
NR4A2	1	Nr4a2	
SELENOH	1	Selenoh	
NR4A3	1	Nr4a3	
IFITM3	1	Ifitm3	
DUSP16	1	Dusp16	
NUCKS1	1	Nucks1	
COX17	1	Cox17	
MCM6	1	Mcm6	
RRM2	1	Rrm2	
ELL2	1	Ell2	
LITAF	1	Litaf	
NDFIP1	1	Ndfip1	
HMMR	1	Hmmr	
RAPH1	1	Raph1	
TPM4	1	Tpm4	
COX8A	1	Cox8a	
ANP32B	1	Anp32b	
ATAD2	1	Atad2	
YBX3	1	Ybx3	
TUBB4B	1	Tubb4b	
HINT1	1	Hint1	
RILPL2	1	Rilpl2	
GMNN	1	Gmnn	
TIMP2	1	Timp2	
CCNB2	1	Ccnb2	
CLSPN	1	Clspn	
CDK1	1	Cdk1	
BCL2A1	2	Bcl2a1d:Bcl2a1b	
CD44	1	Cd44	
RBBP8	1	Rbbp8	
SLA	1	Sla	
CDCA3	1	Cdca3	
SLC22A15	1	Slc22a15	
SEC11C	1	Sec11c	
UBA52	2	Uba52:Gm11808	
EZH2	1	Ezh2	
NEIL3	1	Neil3	
IKZF2	1	Ikzf2	
KIF15	1	Kif15	
CENPP	1	Cenpp	
SLBP	1	Slbp	
RAN	1	Ran	
DUSP4	1	Dusp4	
DGAT1	1	Dgat1	
SDF4	1	Sdf4	
UBE2S	1	Ube2s	
TNFRSF1B	1	Tnfrsf1b	
NDRG1	1	Ndrg1	
LY6E	1	Ly6e	
ST6GALNAC3	1	St6galnac3	
H3C13	1	Hist1h3c	
SPC24	1	Spc24	
CTSB	1	Ctsb	
OAZ1	1	Oaz1	
HIVEP1	1	Hivep1	
MAPKAPK3	1	Mapkapk3	
PRR13	1	Prr13	
FARP1	1	Farp1	
COX5B	1	Cox5b	
TMPO	1	Tmpo	
CCNA2	1	Ccna2	
C21orf91	1	D16Ertd472e	
CDC25B	1	Cdc25b	
COX6C	1	Cox6c	
MCM3	1	Mcm3	
IFRD1	1	Ifrd1	
CREB3L2	1	Creb3l2	
S100A13	1	S100a13	
CLIC1	1	Clic1	
C15orf48	1	AA467197	
RRM1	1	Rrm1	
FLNB	1	Flnb	
CIT	1	Cit	
KIF4A	1	Kif4	
CPD	1	Cpd	
RACGAP1	1	Racgap1	
LDHA	1	Ldha	
COX7C	1	Cox7c	
UHRF2	1	Uhrf2	
GDI2	1	Gdi2	
CCL5	1	Ccl5	
C4orf3	1	1810037I17Rik	
DUSP5	1	Dusp5	
GLRX	1	Glrx	
NAP1L1	1	Nap1l1	
IFI27L2	1	Ifi27l2a	
ADAM12	1	Adam12	
RGS2	1	Rgs2	
CYSLTR2	1	Cysltr2	
CASP3	1	Casp3	
TPI1	1	Tpi1	
HNRNPAB	1	Hnrnpab	
PDCD1	1	Pdcd1	
TMSB10	1	Tmsb10	
COX7A2	1	Cox7a2	
LTB4R	1	Ltb4r1	
TMEM256	1	Tmem256	
ATP5IF1	1	Atpif1	
PKM	1	Pkm	
DTL	1	Dtl	
FAM117B	1	Fam117b	
RAB8B	1	Rab8b	
UBB	1	Ubb	
IRAK2	1	Irak2	
GNB2	1	Gnb2	
MYB	1	Myb	
CCN4	1	Ccn4	
TYMS	1	Tyms	
SERINC3	1	Serinc3	
COX5A	1	Cox5a	
GNAI2	1	Gnai2	
NDUFB7	1	Ndufb7	
SH3BGRL3	1	Sh3bgrl3	
IFITM2	1	Ifitm2	
AOPEP	1	Aopep	
SKIL	1	Skil	
H2AC20	1	Hist2h2ac	
ELOB	1	Elob	
SAMSN1	1	Samsn1	
PPIA	1	Ppia	
ASF1B	1	Asf1b	
TNFAIP3	1	Tnfaip3	
SMIM36	1	Gm45716	
NCAPG2	1	Ncapg2	
LCP1	1	Lcp1	
HELLS	1	Hells	
SNX9	1	Snx9	
DBI	1	Dbi	
PRKAR1A	1	Prkar1a	
GNA13	1	Gna13	
MYO1F	1	Myo1f	
PRELID1	1	Prelid1	
CDKN2C	1	Cdkn2c	
TACC3	1	Tacc3	
CCR2	1	Ccr2	
H1-0	1	H1f0	
ATP5F1E	1	Atp5e	
ASPM	1	Aspm	
C12orf75	1	1500009L16Rik	
CHST11	1	Chst11	
TGFB1	1	Tgfb1	
PHLDA1	1	Phlda1	
SOCS2	1	Socs2	
TPM3	1	Tpm3	
SEC61G	1	Sec61g	
PODNL1	1	Podnl1	
MXD1	1	Mxd1	
E2F2	1	E2f2	
PPP1CA	1	Ppp1ca	
ALYREF	1	Alyref	
IMPA2	1	Impa2	
EIF5A	1	Eif5a	
MDFIC	1	Mdfic	
IFITM1	1	Ifitm1	
HMGB3	1	Hmgb3	
KIF20B	1	Kif20b	
ATP5MF	1	Atp5j2	
SGIP1	1	Sgip1	
COX6B1	1	Cox6b1	
ZNF367	1	Zfp367	
TFF1	1	Tff1	
SSR4	1	Ssr4	
SNRPD1	1	Snrpd1	
HNRNPA3	1	Hnrnpa3	
ARPC3	1	Arpc3	
ARF4	1	Arf4	
YWHAH	1	Ywhah	
GNAS	1	Gnas	
FKBP2	1	Fkbp2	
YBX1	1	Ybx1	
CENPW	1	Cenpw	
CXCR6	1	Cxcr6	
ACTB	1	Actb	
MIER1	1	Mier1	
SNRPE	1	Snrpe	
ATP5ME	1	Atp5k	
CHP1	1	Chp1	
MACROH2A1	1	H2afy	
BCL2L1	1	Bcl2l1	
JAK2	1	Jak2	
GNG2	1	Gng2	
TTC39C	1	Ttc39c	
GEM	1	Gem	
FOSB	1	Fosb	
CKAP5	1	Ckap5	
UBL5	1	Ubl5	
TK1	1	Tk1	
FBXO5	1	Fbxo5	
RANBP1	1	Ranbp1	
PMEPA1	1	Pmepa1	
UCP2	1	Ucp2	
CDC20	1	Cdc20	
H3C14	2	Hist1h3e:Hist1h3b	
NEB	1	Neb	
UQCR10	1	Uqcr10	
EMP3	1	Emp3	
SNRPG	1	Snrpg	
TMSB4X	1	Tmsb4x	
DLGAP5	1	Dlgap5	
PTPN22	1	Ptpn22	
PHACTR2	1	Phactr2	
ECE1	1	Ece1	
CST3	1	Cst3	
TIPIN	1	Tipin	
MMD	1	Mmd	
PPP1CC	1	Ppp1cc	
VAMP8	1	Vamp8	
CEP55	1	Cep55	
NDUFB1	1	Ndufb1-ps	
CTSW	1	Ctsw	
FOSL2	1	Fosl2	
LRRC8D	1	Lrrc8d	
ATP5PF	1	Atp5j	
EHD1	1	Ehd1	
PLP2	1	Plp2	
PLEK	1	Plek	
UQCRQ	1	Uqcrq	
ARL5A	1	Arl5a	
KIF23	1	Kif23	
NCAPD2	1	Ncapd2	
FNBP1	1	Fnbp1	
RAB43	1	Rab43	
JPT1	1	Jpt1	
CCNB1	1	Ccnb1	
UBL3	1	Ubl3	
MYO1E	1	Myo1e	
UHRF1	1	Uhrf1	
BUB1B	1	Bub1b	
ESCO2	1	Esco2	
ITGB1	1	Itgb1	
PKP3	1	Pkp3	
PGAM1	1	Pgam1	
CRLF2	1	Crlf2	
RAMP1	1	Ramp1	
CALM2	1	Calm2	
HSP90B1	1	Hsp90b1	
LSM5	1	Lsm5	
MIR4435-2HG	1	Morrbid	
BRIP1	1	Brip1	
PPP1R16B	1	Ppp1r16b	
NCAPG	1	Ncapg	
SUMO2	1	Sumo2	
HNRNPD	1	Hnrnpd	
SPC25	1	Spc25	
PRELID2	1	Prelid2	
RAD21	1	Rad21	
H1-3	1	Hist1h1d	
H4C9	1	Hist1h4h	
IER2	1	Ier2	
LIN54	1	Lin54	
MYL6	1	Myl6	
CD80	1	Cd80	
CCDC34	1	Ccdc34	
IL10	1	Il10	
FOS	1	Fos	
MCM5	1	Mcm5	
CYCS	1	Cycs	
DNMT1	1	Dnmt1	
NR4A1	1	Nr4a1	
FABP5	1	Fabp5	
OSTF1	1	Ostf1	
BAG1	1	Bag1	
NDC80	1	Ndc80	
TUBA1C	1	Tuba1c	
CLIC4	1	Clic4	
UBE2M	1	Ube2m	
HNRNPLL	1	Hnrnpll	
ITPR1	1	Itpr1	
TNFRSF18	1	Tnfrsf18	
MCM7	1	Mcm7	
NDUFB8	1	Ndufb8	
CISH	1	Cish	
FAM20A	1	Fam20a	
CKAP2	1	Ckap2	
TBX21	1	Tbx21	
AURKB	1	Aurkb	
ATAD5	1	Atad5	
DNAJC9	1	Dnajc9	
BAZ1A	1	Baz1a	
SIVA1	1	Siva1	
PLK4	1	Plk4	
PCNA	1	Pcna	
CD82	1	Cd82	
ENO1	1	Eno1	
EHD4	1	Ehd4	
CAPNS1	1	Capns1	
PGK1	1	Pgk1	
AEBP2	1	Aebp2	
NDUFA2	1	Ndufa2	
KNSTRN	1	Knstrn	
GPR68	1	Gpr68	
LPXN	1	Lpxn	
ADAM19	1	Adam19	
PHLPP1	1	Phlpp1	
FXYD5	1	Fxyd5	
CCL4	1	Ccl4	
GALNT2	1	Galnt2	
ENDOD1	1	Endod1	
CBLB	1	Cblb	
MED14	1	Med14	
CBX3	1	Cbx3	
ATP5F1D	1	Atp5d	
RRBP1	1	Rrbp1	
RGS16	1	Rgs16	
REL	1	Rel	
MIS18BP1	1	Mis18bp1	
RPS2	1	Rps2	
RPS27L	1	Rps27l	
SRSF2	1	Srsf2	
ERN1	1	Ern1	
SRGAP3	1	Srgap3	
SYTL3	1	Sytl3	
CBX5	1	Cbx5	
ANP32A	1	Anp32a	
SFR1	1	Sfr1	
ID2	1	Id2	
UBALD2	1	Ubald2	
CHSY1	1	Chsy1	
ATP5MG	1	Atp5l	
ARPC1B	1	Arpc1b	
LAMTOR4	1	Lamtor4	
CFL1	1	Cfl1	
NCAPH	1	Ncaph	
DNAI4	1	Wdr78	
TEX2	1	Tex2	
MRPL18	1	Mrpl18	
CKAP2L	1	Ckap2l	
FBXO11	1	Fbxo11	
SLC35D1	1	Slc35d1	
SEC61B	1	Sec61b	
ADAMTS6	1	Adamts6	
DAP	1	Dap	
SERPINA3	2	Serpina3g:Serpina3f	
DCTPP1	1	Dctpp1	
PRDM1	1	Prdm1	
RNF125	1	Rnf125	
RAD51	1	Rad51	
TOX2	1	Tox2	
HPF1	1	Hpf1	
SMC1A	1	Smc1a	
CDKN1A	1	Cdkn1a	
PRIM1	1	Prim1	
PSMD8	1	Psmd8	
COTL1	1	Cotl1	
VPS54	1	Vps54	
SMDT1	1	Smdt1	
TGIF1	1	Tgif1	
BRCA1	1	Brca1	
CDC42	1	Cdc42	
LSP1	1	Lsp1	
ATF6	1	Atf6	
UQCR11	1	Uqcr11	
SEM1	1	Sem1	
KRTCAP2	1	Krtcap2	
CISD1	1	Cisd1	
ATP5MJ	1	Atp5mpl	
ATP5MK	1	Atp5md	
DUSP1	1	Dusp1	
LSM6	1	Lsm6	
ARHGAP11A	1	Arhgap11a	
CSRP1	1	Csrp1	
EMP1	1	Emp1	
APRT	1	Aprt	
ATOX1	1	Atox1	
PRDX2	1	Prdx2	
DENND5A	1	Dennd5a	
CALM1	1	Calm1	
ECT2	1	Ect2	
KMT5A	1	Kmt5a	
POMP	1	Pomp	
BARD1	1	Bard1	
CDKN3	1	Cdkn3	
MANF	1	Manf	
THY1	1	Thy1	
PFN1	1	Pfn1	
TRAF1	1	Traf1	
SPAG9	1	Spag9	
AP2S1	1	Ap2s1	
PFKP	1	Pfkp	
CYTH4	1	Cyth4	
SLC4A7	1	Slc4a7	
RNH1	1	Rnh1	
ETFB	1	Etfb	
H1-2	1	Hist1h1c	
E2F3	1	E2f3	
TMEM14C	1	Tmem14c	
MAPKAPK2	1	Mapkapk2	
TMA7	1	Tma7	
ECH1	1	Ech1	
CCR5	1	Ccr5	
BCLAF3	1	Bclaf3	
H3C15	1	Hist1h3f	
NCAPD3	1	Ncapd3	
SHCBP1	1	Shcbp1	
RPSA	1	Rpsa	
PRDX1	1	Prdx1	
HDGF	1	Hdgf	
RNF157	1	Rnf157	
PTPN7	1	Ptpn7	
FTH1	1	Fth1	
PRDX4	1	Prdx4	
MAP2K3	1	Map2k3	
ARF5	1	Arf5	
MYO10	1	Myo10	
ISY1	1	Isy1	
NUCB1	1	Nucb1	
HMGN5	1	Hmgn5	
PDE4B	1	Pde4b	
NASP	1	Nasp	
TNFRSF13B	1	Tnfrsf13b	
IL1R1	1	Il1r1	
RAF1	1	Raf1	
ATP5MC2	1	Atp5g2	
SMPDL3A	1	Smpdl3a	
TOMM6	1	Tomm6	
SLC25A4	1	Slc25a4	
GLUD1	1	Glud1	
FOXP3	1	Foxp3	
NDUFA13	1	Ndufa13	
PDAP1	1	Pdap1	
TSPO	1	Tspo	
ZBTB1	1	Zbtb1	
SGO2	1	Sgo2a	
BANF1	1	Banf1	
MALT1	1	Malt1	
MMS22L	1	Mms22l	
SUB1	1	Sub1	
CMIP	1	Cmip	
MCM4	1	Mcm4	
ARHGDIA	1	Arhgdia	
HJURP	1	Hjurp	
CDCA2	1	Cdca2	
NEBL	1	Nebl	
HILPDA	1	Hilpda	
H2BC13	1	Hist1h2bj	
SLC3A2	1	Slc3a2	
PLSCR1	1	Plscr1	
RANGAP1	1	Rangap1	
ARHGDIB	1	Arhgdib	
SLC25A3	1	Slc25a3	
VMP1	1	Vmp1	
SH2D2A	1	Sh2d2a	
MAST4	1	Mast4	
DEPDC1	1	Depdc1a	
MRPL33	1	Mrpl33	
RAD51AP1	1	Rad51ap1	
CENPM	1	Cenpm	
ERH	1	Erh	
CORO2A	1	Coro2a	
ORC6	1	Orc6	
SRSF3	1	Srsf3	
CXCR3	1	Cxcr3	
CENPK	1	Cenpk	
TCEAL9	1	Tceal9	
GM2A	1	Gm2a	
ADARB1	1	Adarb1	
ADAP1	1	Adap1	
CHAF1A	1	Chaf1a	
GFOD1	1	Gfod1	
KIF22	1	Kif22	
MPC1	1	Mpc1	
CKB	1	Ckb	
HNRNPL	1	Hnrnpl	
APOBEC3B	1	Apobec3	
CTNNA1	1	Ctnna1	
CSNK2B	1	Csnk2b	
JAZF1	1	Jazf1	
UQCRB	1	Uqcrb	
TMEM258	1	Tmem258	
SDF2L1	1	Sdf2l1	
ARPP19	1	Arpp19	
YWHAE	1	Ywhae	
PMF1	1	Pmf1	
EXOSC8	1	Exosc8	
NUP98	1	Nup98	
SET	1	Set	
NDUFA11	1	Ndufa11	
CEP128	1	Cep128	
CENPH	1	Cenph	
SLC29A1	1	Slc29a1	
SNRPD2	1	Snrpd2	
NDUFS5	1	Ndufs5	
CST7	1	Cst7	
H2BC3	1	Hist1h2bb	
SSNA1	1	Ssna1	
USP1	1	Usp1	
RALY	1	Raly	
VDAC2	1	Vdac2	
PLOD2	1	Plod2	
SNX2	1	Snx2	
C19orf53	1	D8Ertd738e	
ELK3	1	Elk3	
ITGA4	1	Itga4	
BSG	1	Bsg	
TOPBP1	1	Topbp1	
ACOT7	1	Acot7	
SERF2	1	Serf2	
TRGC1	3	Tcrg-C1:Tcrg-C2:Tcrg-C4	
SNRPB	1	Snrpb	
MAD2L1	1	Mad2l1	
BUB3	1	Bub3	
KLHDC2	1	Klhdc2	
DYNLT5	1	Tctex1d1	
NDUFC1	1	Ndufc1	
ANLN	1	Anln	
H2BC5	1	Hist1h2bm	
ZGRF1	1	Zgrf1	
PBK	1	Pbk	
CENPX	1	Cenpx	
ATP2B1	1	Atp2b1	
GSTP1	2	Gstp3:Gstp1	
NRP1	1	Nrp1	
GNA15	1	Gna15	
WNK1	1	Wnk1	
BUB1	1	Bub1	
TXNL1	1	Txnl1	
TTC39B	1	Ttc39b	
ACSBG1	1	Acsbg1	
IRF4	1	Irf4	
LBR	1	Lbr	
HCLS1	1	Hcls1	
RPA2	1	Rpa2	
MYO1G	1	Myo1g	
NDUFV3	1	Ndufv3	
SERPINB1	1	Serpinb1a	
GLIPR1	1	Glipr1	
HK2	1	Hk2	
RNASEH2C	1	Rnaseh2c	
SUPT16H	1	Supt16	
DYNLL2	1	Dynll2	
NDUFC2	1	Ndufc2	
PPIB	1	Ppib	
CHMP2A	1	Chmp2a	
SLC25A5	1	Slc25a5	
PSMD13	1	Psmd13	
STAT3	1	Stat3	
SLC16A6	1	Slc16a6	
NDE1	1	Nde1	
LCLAT1	1	Lclat1	
LSM4	1	Lsm4	
HSPA4L	1	Hspa4l	
SLC7A1	1	Slc7a1	
NDUFA1	1	Ndufa1	
RFWD3	1	Rfwd3	
FUNDC2	1	Fundc2	
MTCH1	1	Mtch1	
ALDOA	1	Aldoa	
RFC4	1	Rfc4	
SPTY2D1	1	Spty2d1	
NEURL3	1	Neurl3	
COBLL1	1	Cobll1	
MIF4GD	1	Mif4gd	
SMS	1	Sms	
MAST2	1	Mast2	
CYFIP1	1	Cyfip1	
ELOF1	1	Elof1	
ZMIZ1	1	Zmiz1	
TBCB	1	Tbcb	
YWHAQ	1	Ywhaq	
ZEB2	1	Zeb2	
SPN	1	Spn	
PSMC3	1	Psmc3	
PSMA4	1	Psma4	
SGO1	1	Sgo1	
VDAC1	1	Vdac1	
NUDT4	1	Nudt4	
AHR	1	Ahr	
CIRBP	1	Cirbp	
NCAPH2	1	Ncaph2	
GPX1	1	Gpx1	
SSRP1	1	Ssrp1	
WDR76	1	Wdr76	
TOMM7	1	Tomm7	
STIL	1	Stil	
PLK1	1	Plk1	
RBBP7	1	Rbbp7	
DBF4	1	Dbf4	
KIF18A	1	Kif18a	
DDX39A	1	Ddx39	
POLE	1	Pole	
TMEM160	1	Tmem160	
PICALM	1	Picalm	
ELOC	1	Eloc	
SMIM3	1	Smim3	
CTSD	1	Ctsd	
E2F8	1	E2f8	
NUF2	1	Nuf2	
GLIPR2	1	Glipr2	
GOT1	1	Got1	
PSMB3	1	Psmb3	
CASP8AP2	1	Casp8ap2	
SIRT2	1	Sirt2	
ANGPTL2	1	Angptl2	
PTPRCAP	1	Ptprcap	
TXNDC17	1	Txndc17	
RAB11FIP1	1	Rab11fip1	
BCL7C	1	Bcl7c	
MRPL57	1	Mrpl57	
ORAI1	1	Orai1	
PRICKLE1	1	Prickle1	
HNRNPA1L2	1	Hnrnpa1	
PMAIP1	1	Pmaip1	
HLA-B	1	H2-D1	
MRPL20	1	Mrpl20	
ACTN4	1	Actn4	
TEC	1	Tec	
GTF2H5	1	Gtf2h5	
VDAC3	1	Vdac3	
SPDL1	1	Spdl1	
TJP2	1	Tjp2	
SUSD3	1	Susd3	
NEDD8	1	Nedd8	
PFDN1	1	Pfdn1	
CNTLN	1	Cntln	
CENPC	1	Cenpc1	
LARP1B	1	Larp1b	
KLRD1	1	Klrd1	
RELB	1	Relb	
LRBA	1	Lrba	
H2BC7	1	Hist1h2be	
RNF216	1	Rnf216	
NMRK1	1	Nmrk1	
FEN1	1	Fen1	
TMEM167A	1	Tmem167	
ATP5MC3	1	Atp5g3	
NDUFB9	1	Ndufb9	
AKT1	1	Akt1	
RFC3	1	Rfc3	
UBL4A	1	Ubl4a	
LRRFIP2	1	Lrrfip2	
MRPL52	1	Mrpl52	
NUBP1	1	Nubp1	
RAC2	1	Rac2	
SNRPF	1	Snrpf	
UBE2L3	1	Ube2l3	
SWI5	1	Swi5	
NDUFB11	1	Ndufb11	
P4HB	1	P4hb	
AZIN1	1	Azin1	
SDCBP2	1	Sdcbp2	
SMARCA5	1	Smarca5	
PPIL1	1	Ppil1	
PSMA1	1	Psma1	
MICOS10	1	Micos10	
E2F7	1	E2f7	
SSR2	1	Ssr2	
H2BC18	1	Hist2h2bb	
PGLS	1	Pgls	
CARD19	1	Card19	
VPS29	1	Vps29	
KCNQ5	1	Kcnq5	
H1-1	1	Hist1h1a	
VAX2	1	Vax2	
CCDC50	1	Ccdc50	
KRT83	1	Krt83	
NFIL3	1	Nfil3	
EIF4H	1	Eif4h	
HIP1R	1	Hip1r	
TNF	1	Tnf	
H3-3A	2	H3f3b:H3f3a	
MRPS6	1	Mrps6	
ICAM1	1	Icam1	
COX20	1	Cox20	
RELL1	1	Rell1	
ARPC5	1	Arpc5	
ABRACL	1	Abracl	
DHFR	1	Dhfr	
CAPZA2	1	Capza2	
EIF3C	1	Eif3c	
RTRAF	1	Rtraf	
MT1X	1	Mt1	
PTPN1	1	Ptpn1	
COX7B	1	Cox7b	
MAPRE2	1	Mapre2	
THAP12	1	Thap12	
COX4I1	1	Cox4i1	
SF3B5	1	Sf3b5	
RNPS1	1	Rnps1	
SRRM1	1	Srrm1	
GRK2	1	Grk2	
PARPBP	1	Parpbp	
PLAAT3	1	Plaat3	
AURKA	1	Aurka	
PHGDH	1	Phgdh	
EIF1	1	Eif1	
EDF1	1	Edf1	
SKA1	1	Ska1	
HRAS	1	Hras	
NDUFB6	1	Ndufb6	
MRPL51	1	Mrpl51	
PSMB5	1	Psmb5	
CDC14A	1	Cdc14a	
CMC2	1	Cmc2	
PDE4D	1	Pde4d	
PLEKHO1	1	Plekho1	
IL18RAP	1	Il18rap	
CD47	1	Cd47	
CHCHD2	1	Chchd2	
ADAM9	1	Adam9	
ABLIM3	1	Ablim3	
RIC1	1	Ric1	
PBX3	1	Pbx3	
IDH3A	1	Idh3a	
RAP1A	1	Rap1a	
H2AC8	1	Hist1h2ai	
MRPL54	1	Mrpl54	
H2AC19	1	Hist2h2aa1	
CALR	1	Calr	
UBE2A	1	Ube2a	
AURKAIP1	1	Aurkaip1	
CRYBG3	1	Crybg3	
CENPB	1	Cenpb	
HSPA5	1	Hspa5	
SAE1	1	Sae1	
MTBP	1	Mtbp	
EBP	1	Ebp	
DGKH	1	Dgkh	
IFI30	1	Ifi30	
RBBP4	1	Rbbp4	
SERF1A	1	Serf1	
PRELID3B	1	Prelid3b	
ANXA11	1	Anxa11	
RFC2	1	Rfc2	
AK2	1	Ak2	
UFC1	1	Ufc1	
CCR4	1	Ccr4	
RWDD1	1	Rwdd1	
NOL7	1	Nol7	
CAPZB	1	Capzb	
PSMB4	1	Psmb4	
UAP1	1	Uap1	
CERS4	1	Cers4	
FAM110A	1	Fam110a	
MAPRE1	1	Mapre1	
RNASEH2B	1	Rnaseh2b	
IQGAP1	1	Iqgap1	
ANAPC5	1	Anapc5	
CCNF	1	Ccnf	
ATP5PB	1	Atp5f1	
E2F1	1	E2f1	
VDR	1	Vdr	
ACADL	1	Acadl	
UNC119	1	Unc119	
FGL2	1	Fgl2	
KIF14	1	Kif14	
NCL	1	Ncl	
MELK	1	Melk	
PTTG1	1	Pttg1	
SPAG5	1	Spag5	
EMD	1	Emd	
RAC1	1	Rac1	
MAFG	1	Mafg	
DNAJC8	1	Dnajc8	
PGLYRP1	1	Pglyrp1	
KNTC1	1	Kntc1	
ZFAND5	1	Zfand5	
MCM2	1	Mcm2	
CIAPIN1	1	Ciapin1	
CTSZ	1	Ctsz	
PABPN1	1	Pabpn1	
UBE2I	1	Ube2i	
EIF3H	1	Eif3h	
PSMB1	1	Psmb1	
CDC6	1	Cdc6	
FAM83D	1	Fam83d	
PRIM2	1	Prim2	
CERK	1	Cerk	
CCDC124	1	Ccdc124	
TWSG1	1	Twsg1	
ARHGAP18	1	Arhgap18	
MXD3	1	Mxd3	
REX1BD	1	Rex1bd	
POLR2K	1	Polr2k	
OPTN	1	Optn	
ORC1	1	Orc1	
ITM2B	1	Itm2b	
FRMD5	1	Frmd5	
FAM107B	1	Fam107b	
CLTA	1	Clta	
CORO1C	1	Coro1c	
CDC45	1	Cdc45	
LSM2	1	Lsm2	
SMG6	1	Smg6	
UQCRFS1	1	Uqcrfs1	
KIF2C	1	Kif2c	
CEP83	1	Cep83	
NUDT21	1	Nudt21	
SNRPA1	1	Snrpa1	
H4C6	1	Hist1h4c	
IL1R2	1	Il1r2	
ZAP70	1	Zap70	
CSRNP1	1	Csrnp1	
TCP1	1	Tcp1	
PCMT1	1	Pcmt1	
GTF2F1	1	Gtf2f1	
CSTB	1	Cstb	
TKT	1	Tkt	
ENTPD1	1	Entpd1	
MLF2	1	Mlf2	
LPGAT1	1	Lpgat1	
BBLN	1	1110008P14Rik	
BLM	1	Blm	
BMPR2	1	Bmpr2	
TMED2	1	Tmed2	
ABCF1	1	Abcf1	
TRAPPC1	1	Trappc1	
PDIA3	1	Pdia3	
CBX1	1	Cbx1	
DDOST	1	Ddost	
UBE2N	1	Ube2n	
ARF1	1	Arf1	
ZCRB1	1	Zcrb1	
TFDP1	1	Tfdp1	
POLR1D	1	Polr1d	
NDUFA3	1	Ndufa3	
IKZF3	1	Ikzf3	
REXO2	1	Rexo2	
HAT1	1	Hat1	
NDUFA4	1	Ndufa4	
FKBP1A	1	Fkbp1a	
COMMD3	1	Commd3	
NAB1	1	Nab1	
CIP2A	1	Cip2a	
TLE5	1	Tle5	
FIS1	1	Fis1	
XYLT1	1	Xylt1	
TXNRD1	1	Txnrd1	
AP2M1	1	Ap2m1	
GPR160	1	Gpr160	
KDELR2	1	Kdelr2	
DTYMK	1	Dtymk	
TRGV11	1	Trgv2	
SH3BGRL	1	Sh3bgrl	
NDUFS6	1	Ndufs6	
NDUFS8	1	Ndufs8	
RHOQ	1	Rhoq	
TAF10	1	Taf10	
POLD3	1	Pold3	
H2AC1	1	Hist1h2ak	
SIK3	1	Sik3	
CD3E	1	Cd3e	
SLC15A3	1	Slc15a3	
RFC5	1	Rfc5	
CEP57	1	Cep57	
ARPC4	1	Arpc4	
PA2G4	1	Pa2g4	
SMCO4	1	Smco4	
SSB	1	Ssb	
GNB1	1	Gnb1	
MTHFD2	1	Mthfd2	
SYNGR2	1	Syngr2	
REEP4	1	Reep4	
BATF	1	Batf	
CARHSP1	1	Carhsp1	
NEK2	1	Nek2	
PPFIBP1	1	Ppfibp1	
FLNA	1	Flna	
IRF8	1	Irf8	
POLQ	1	Polq	
ABHD17A	1	Abhd17a	
HIGD1A	1	Higd1a	
RUNX3	1	Runx3	
EFHD2	1	Efhd2	
SH3RF1	1	Sh3rf1	
ZDHHC2	1	Zdhhc2	
SF3B2	1	Sf3b2	
MYO3B	1	Myo3b	
COPS9	1	Cops9	
EMB	1	Emb	
HIRIP3	1	Hirip3	
VGLL4	1	Vgll4	
BTF3	1	Btf3	
FOXM1	1	Foxm1	
INF2	1	Inf2	
ALMS1	1	Alms1	
ELOVL5	1	Elovl5	
MRPS21	1	Mrps21	
GNG10	1	Gng10	
TUBG1	1	Tubg1	
GATAD2A	1	Gatad2a	
SNRPC	1	Snrpc	
SDHB	1	Sdhb	
PLEKHA2	1	Plekha2	
MPHOSPH6	1	Mphosph6	
NME1	1	Nme1	
GOLM1	1	Golm1	
PHF5A	1	Phf5a	
SAPCD2	1	Sapcd2	
LRRC59	1	Lrrc59	
VRK1	1	Vrk1	
SNRNP25	1	Snrnp25	
PTPA	1	Ptpa	
ESD	1	Esd	
CHST12	1	Chst12	
CYP51A1	1	Cyp51	
CCR6	1	Ccr6	
SUZ12	1	Suz12	
KPNA2	1	Kpna2	
SMC3	1	Smc3	
SNU13	1	Snu13	
CEP112	1	Cep112	
CNIH4	1	Cnih4	
NXT1	1	Nxt1	
MASTL	1	Mastl	
IRS2	1	Irs2	
AP1S2	1	Ap1s2	
DAZAP1	1	Dazap1	
GPR65	1	Gpr65	
RRAD	1	Rrad	
GZMB	1	Gzmb	
CIAO2A	1	Ciao2a	
GINS2	1	Gins2	
ZMAT2	1	Zmat2	
SPCS1	1	Spcs1	
SLC39A14	1	Slc39a14	
CFAP20	1	Cfap20	
EIF2S2	1	Eif2s2	
CHST2	1	Chst2	
SRGAP2	1	Srgap2	
FAM3C	1	Fam3c	
PRDX6	1	Prdx6	
CCNE1	1	Ccne1	
GPR132	1	Gpr132	
GOT2	1	Got2	
EIF6	1	Eif6	
FAM111A	1	Fam111a	
DNAJB11	1	Dnajb11	
ERI1	1	Eri1	
MIEN1	1	Mien1	
TIGIT	1	Tigit	
SELENOS	1	Selenos	
PTBP1	1	Ptbp1	
IFNG	1	Ifng	
RPL39	1	Rpl39	
RASSF1	1	Rassf1	
CARNMT1	1	Carnmt1	
SAP18	1	Sap18	
CEP43	1	Fgfr1op	
JUND	1	Jund	
ANAPC15	1	Anapc15	
SASS6	1	Sass6	
UQCRH	1	Uqcrh	
SCAND1	1	Scand1	
BEX3	1	Bex3	
PSMB6	1	Psmb6	
H2BC10	1	Hist1h2bc	
RAB11A	1	Rab11a	
ARHGAP21	1	Arhgap21	
PGP	1	Pgp	
ATP6V1F	1	Atp6v1f	
PFDN6	1	Pfdn6	
IL12RB2	1	Il12rb2	
SLC38A1	1	Slc38a1	
OTUD7B	1	Otud7b	
UQCC2	1	Uqcc2	
TMEM123	1	Tmem123	
CDCA5	1	Cdca5	
CLTC	1	Cltc	
ADPRH	1	Adprh	
GRAMD1B	1	Gramd1b	
ZYX	1	Zyx	
SF3B6	1	Sf3b6	
NUDC	1	Nudc	
SLC1A5	1	Slc1a5	
ANTKMT	1	Fam173a	
CYC1	1	Cyc1	
HMGCR	1	Hmgcr	
SYT11	1	Syt11	
DSTN	1	Dstn	
CCDC28B	1	Ccdc28b	
SIN3B	1	Sin3b	
COQ10B	1	Coq10b	
AP1S1	1	Ap1s1	
AKR1A1	1	Akr1a1	
SNF8	1	Snf8	
KIAA1958	1	E130308A19Rik	
RAD18	1	Rad18	
METAP2	1	Metap2	
HECW2	1	Hecw2	
N4BP1	1	N4bp1	
ST3GAL3	1	St3gal3	
GABARAP	1	Gabarap	
PPP2R2D	1	Ppp2r2d	
TG	1	Tg	
TICRR	1	Ticrr	
TMED10	1	Tmed10	
BIRC2	1	Birc2	
CENPL	1	Cenpl	
KLF10	1	Klf10	
CD2BP2	1	Cd2bp2	
SLC25A24	1	Slc25a24	
PAXBP1	1	Paxbp1	
PDIA6	1	Pdia6	
CD52	1	Cd52	
ATP5PO	1	Atp5o	
CWC15	1	Cwc15	
CENPI	1	Cenpi	
MIF	1	Mif	
PIMREG	1	Pimreg	
WSB1	1	Wsb1	
PPP1R2	1	Ppp1r2	
C11orf58	1	1110004F10Rik	
NCF4	1	Ncf4	
SLK	1	Slk	
CNTRL	1	Cntrl	
GMFG	1	Gmfg	
EIF1AX	1	Eif1ax	
GIMAP5	1	Gimap5	
FZR1	1	Fzr1	
TIMM23	1	Timm23	
SUMO3	1	Sumo3	
POLR2C	1	Polr2c	
CERT1	1	Col4a3bp	
LSM3	1	Lsm3	
SNX5	1	Snx5	
U2AF1	1	U2af1	
UBE2T	1	Ube2t	
SRP9	1	Srp9	
SOD1	1	Sod1	
FIGNL1	1	Fignl1	
UBE2E3	1	Ube2e3	
RTN3	1	Rtn3	
CYBA	1	Cyba	
PSMC4	1	Psmc4	
APAF1	1	Apaf1	
ATP5MC1	1	Atp5g1	
DYNLRB1	1	Dynlrb1	
COMT	1	Comt	
KLF6	1	Klf6	
TCF19	1	Tcf19	
ATP6V0C	1	Atp6v0c	
SRP14	1	Srp14	
NFKBIL1	1	Nfkbil1	
TBC1D31	1	Tbc1d31	
XBP1	1	Xbp1	
NELFE	1	Nelfe	
CD48	1	Cd48	
SSBP4	1	Ssbp4	
COX6A1	1	Cox6a1	
TIMM17B	1	Timm17b	
RHEB	1	Rheb	
TMBIM4	1	Tmbim4	
PSMA3	1	Psma3	
RPL38	1	Rpl38	
HBS1L	1	Hbs1l	
SGMS1	1	Sgms1	
NDUFA8	1	Ndufa8	
ZWILCH	1	Zwilch	
TRIP13	1	Trip13	
BRCA2	1	Brca2	
WDR1	1	Wdr1	
DAD1	1	Dad1	
PPM1G	1	Ppm1g	
HPRT1	1	Hprt	
DKKL1	1	Dkkl1	
H2AJ	1	H2afj	
TECR	1	Tecr	
NAA38	1	Naa38	
SIK2	1	Sik2	
SAMD1	1	Samd1	
MDH2	1	Mdh2	
LEO1	1	Leo1	
EIF4A1	1	Eif4a1	
PRKCH	1	Prkch	
TMEM134	1	Tmem134	
RORC	1	Rorc	
PDCD5	1	Pdcd5	
HMG20B	1	Hmg20b	
ATP5F1A	1	Atp5a1	
GNG5	1	Gng5	
CEBPB	1	Cebpb	
TALDO1	1	Taldo1	
CWC25	1	Cwc25	
EIF4E	1	Eif4e	
EIF3I	1	Eif3i	
MICAL1	1	Mical1	
CX3CR1	1	Cx3cr1	
LSM8	1	Lsm8	
SESTD1	1	Sestd1	
G2E3	1	G2e3	
STON2	1	Ston2	
EHBP1L1	1	Ehbp1l1	
ARL1	1	Arl1	
RAP1GAP2	1	Rap1gap2	
SUN1	1	Sun1	
TACC1	1	Tacc1	
DCTN3	1	Dctn3	
HOPX	1	Hopx	
TAF1	1	Taf1	
DUSP14	1	Dusp14	
TNFRSF8	1	Tnfrsf8	
PSMC5	1	Psmc5	
TLN1	1	Tln1	
PRR11	1	Prr11	
TUBA1A	1	Tuba1a	
CDK4	1	Cdk4	
MIS18A	1	Mis18a	
ATL3	1	Atl3	
MAP4	1	Map4	
GLDC	1	Gldc	
BNIP2	1	Bnip2	
KIF18B	1	Kif18b	
PRMT1	1	Prmt1	
MYBL2	1	Mybl2	
ACP1	1	Acp1	
VASP	1	Vasp	
ADORA2A	1	Adora2a	
ASS1	1	Ass1	
TMED9	1	Tmed9	
PET100	1	Pet100	
CEP250	1	Cep250	
MED30	1	Med30	
TSPAN2	1	Tspan2	
SKA2	1	Ska2	
GAS2	1	Gas2	
WEE1	1	Wee1	
SRSF7	1	Srsf7	
SNRNP27	1	Snrnp27	
ATP2A2	1	Atp2a2	
RDM1	1	Rdm1	
FAR1	1	Far1	
HMCES	1	Hmces	
DSN1	1	Dsn1	
ITGA3	1	Itga3	
TENT5A	1	Tent5a	
TOMM22	1	Tomm22	
CORO1A	1	Coro1a	
DOK2	1	Dok2	
H2AC14	1	Hist1h2af	
ATP5PD	1	Atp5h	
CPSF2	1	Cpsf2	
HSD17B12	1	Hsd17b12	
DCTN4	1	Dctn4	
YIF1B	1	Yif1b	
TTF2	1	Ttf2	
OSTC	1	Ostc	
OST4	1	Ost4	
TP53I11	1	Trp53i11	
ANAPC13	1	Anapc13	
NDUFA5	1	Ndufa5	
ARHGAP19	1	Arhgap19	
PIN1	1	Pin1	
NDUFB5	1	Ndufb5	
RGS10	1	Rgs10	
SS18	1	Ss18	
CDKN2D	1	Cdkn2d	
NDUFA12	1	Ndufa12	
CHKA	1	Chka	
RHOA	1	Rhoa	
SLC66A2	1	Pqlc1	
MAZ	1	Maz	
RGS3	1	Rgs3	
DAZAP2	1	Dazap2	
THOC7	1	Thoc7	
COPS6	1	Cops6	
VARS1	1	Vars	
TCEA1	1	Tcea1	
CCNE2	1	Ccne2	
TTK	1	Ttk	
EIF4A3	1	Eif4a3	
ZBTB8OS	1	Zbtb8os	
UBAP2	1	Ubap2	
LARP7	1	Larp7	
EHMT2	1	Ehmt2	
SRSF9	1	Srsf9	
PACSIN2	1	Pacsin2	
REEP3	1	Reep3	
ARF6	1	Arf6	
SLC43A3	1	Slc43a3	
HAUS4	1	Haus4	
PSMC2	1	Psmc2	
UBXN1	1	Ubxn1	
MRPS18C	1	Mrps18c	
ZC3H15	1	Zc3h15	
MYEF2	1	Myef2	
PTPRS	1	Ptprs	
ABI2	1	Abi2	
MRPS36	1	Mrps36	
PTPN11	1	Ptpn11	
PDCD1LG2	1	Pdcd1lg2	
H3C7	1	Hist1h3i	
HP1BP3	1	Hp1bp3	
ATF1	1	Atf1	
CDC34	1	Cdc34	
PDZD11	1	Pdzd11	
RBX1	1	Rbx1	
SERBP1	1	Serbp1	
ROMO1	1	Romo1	
RPN1	1	Rpn1	
CCDC12	1	Ccdc12	
LAMTOR5	1	Lamtor5	
PLK3	1	Plk3	
CCDC25	1	Ccdc25	
PPP2CA	1	Ppp2ca	
DPM3	1	Dpm3	
CDV3	1	Cdv3	
GINS1	1	Gins1	
EPB41L2	1	Epb41l2	
PRKCSH	1	Prkcsh	
VCP	1	Vcp	
MRPS16	1	Mrps16	
SSR1	1	Ssr1	
COMMD1	1	Commd1	
NANS	1	Nans	
RAB5IF	1	Rab5if	
DDIT4	1	Ddit4	
HCCS	1	Hccs	
SRA1	1	Sra1	
BCL2L15	1	Bcl2l15	
BORA	1	Bora	
LRP10	1	Lrp10	
DPY30	1	Dpy30	
SYNCRIP	1	Syncrip	
CD2	1	Cd2	
MRPL28	1	Mrpl28	
BAZ1B	1	Baz1b	
LSM12	1	Lsm12	
MRPL13	1	Mrpl13	
PON2	1	Pon2	
CENPS	1	Cenps	
NOL10	1	Nol10	
CCL3	1	Ccl3	
KPNA3	1	Kpna3	
FKBP8	1	Fkbp8	
ULBP1	1	Ulbp1	
CMPK1	1	Cmpk1	
KIF20A	1	Kif20a	
GAS2L3	1	Gas2l3	
CRMP1	1	Crmp1	
BLMH	1	Blmh	
TRPV2	1	Trpv2	
ENY2	1	Eny2	
IRF2BP2	1	Irf2bp2	
UNC119B	1	Unc119b	
HNRNPA2B1	1	Hnrnpa2b1	
ACTL6A	1	Actl6a	
PSME2	1	Psme2	
TSHZ1	1	Tshz1	
UFM1	1	Ufm1	
PLXDC2	1	Plxdc2	
UBR5	1	Ubr5	
DST	1	Dst	
MYO16	1	Myo16	
UBE2J2	1	Ube2j2	
MYDGF	1	Mydgf	
WDHD1	1	Wdhd1	
ARID5B	1	Arid5b	
RNF19B	1	Rnf19b	
NARS1	1	Nars	
RNF11	1	Rnf11	
PSMB2	1	Psmb2	
NAA10	1	Naa10	
NHP2	1	Nhp2	
UBE2V1	1	Ube2v1	
RDX	1	Rdx	
RAP2A	1	Rap2a	
NRM	1	Nrm	
TIMM50	1	Timm50	
UBC	1	Ubc	
SAP30	1	Sap30	
B9D2	1	B9d2	
EED	1	Eed	
AUP1	1	Aup1	
CIAO2B	1	Ciao2b	
BOLA3	1	Bola3	
TNFAIP8	1	Tnfaip8	
PSMD1	1	Psmd1	
P2RX7	1	P2rx7	
PHB2	1	Phb2	
ZFP91	1	Zfp91	
GALM	1	Galm	
SYNE3	1	Syne3	
EPRS1	1	Eprs	
CD83	1	Cd83	
PSMA7	1	Psma7	
SLC25A19	1	Slc25a19	
YWHAB	1	Ywhab	
NUP62	1	Nup62	
BECN1	1	Becn1	
MAP1LC3B2	1	Map1lc3b	
ADSS2	1	Adss	
STARD3NL	1	Stard3nl	
RPS26	1	Rps26	
NFYB	1	Nfyb	
FCHO1	1	Fcho1	
SOAT1	1	Soat1	
NFKBIE	1	Nfkbie	
ATP1A1	1	Atp1a1	
RAD54B	1	Rad54b	
RPL28	1	Rpl28	
LUZP1	1	Luzp1	
HADHA	1	Hadha	
WDR83OS	1	Wdr83os	
NONO	1	Nono	
RER1	1	Rer1	
CCDC18	1	Ccdc18	
METRN	1	Metrn	
UBA2	1	Uba2	
HNRNPU	1	Hnrnpu	
WDFY2	1	Wdfy2	
DEPDC1B	1	Depdc1b	
BRD9	1	Brd9	
DPH3	1	Dph3	
ARPC2	1	Arpc2	
CDCA7	1	Cdca7	
FRMD4B	1	Frmd4b	
CD101	1	Cd101	
CITED2	1	Cited2	
CNDP2	1	Cndp2	
NDUFAB1	1	Ndufab1	
ALAD	1	Alad	
AGPAT4	1	Agpat4	
ERP29	1	Erp29	
NFKB2	1	Nfkb2	
RCC1	1	Rcc1	
EZR	1	Ezr	
CD38	1	Cd38	
FAM89B	1	Fam89b	
MCM10	1	Mcm10	
THRAP3	1	Thrap3	
CDK2AP1	1	Cdk2ap1	
CENPN	1	Cenpn	
UGP2	1	Ugp2	
ODF2	1	Odf2	
XDH	1	Xdh	
PSMD6	1	Psmd6	
POLE2	1	Pole2	
MNS1	1	Mns1	
GPI	1	Gpi1	
CAMK2N1	1	Camk2n1	
RAB8A	1	Rab8a	
MBD3	1	Mbd3	
SKA3	1	Ska3	
TIMM17A	1	Timm17a	
TUBGCP2	1	Tubgcp2	
GRN	1	Grn	
AIMP1	1	Aimp1	
MAP3K5	1	Map3k5	
TMEM126A	1	Tmem126a	
TMED3	1	Tmed3	
BRK1	1	Brk1	
KIFC1	1	Kifc1	
HASPIN	1	Haspin	
CETN2	1	Cetn2	
LMF2	1	Lmf2	
PSMC1	1	Psmc1	
GABARAPL1	1	Gabarapl1	
DCTN2	1	Dctn2	
MAP7D1	1	Map7d1	
PSAT1	1	Psat1	
GPSM2	1	Gpsm2	
LUC7L2	1	Luc7l2	
MLF1	1	Mlf1	
RPL35	1	Rpl35	
TSC22D4	1	Tsc22d4	
TRIB1	1	Trib1	
H2BC4	1	Hist1h2bg	
RAB1B	1	Rab1b	
PTPN3	1	Ptpn3	
RPS6KA5	1	Rps6ka5	
PARK7	1	Park7	
MAPK3	1	Mapk3	
INTS7	1	Ints7	
PYCARD	1	Pycard	
DOT1L	1	Dot1l	
KRAS	1	Kras	
ATP6V0E1	1	Atp6v0e	
STK24	1	Stk24	
RIPK3	1	Ripk3	
CUEDC2	1	Cuedc2	
PPME1	1	Ppme1	
SKAP2	1	Skap2	
SPCS2	1	Spcs2	
ATP5F1C	1	Atp5c1	
ILK	1	Ilk	
PMVK	1	Pmvk	
DNAJC2	1	Dnajc2	
AP3S1	1	Ap3s1	
RAB4B	1	Rab4b	
SMARCC1	1	Smarcc1	
KDM6B	1	Kdm6b	
HNRNPK	1	Hnrnpk	
PSMD4	1	Psmd4	
DHRS1	1	Dhrs1	
POC1A	1	Poc1a	
ZC3HAV1	1	Zc3hav1	
ABCB1	1	Abcb1b	
RNPEP	1	Rnpep	
NT5DC3	1	Nt5dc3	
GNAQ	1	Gnaq	
C17orf49	1	0610010K14Rik	
STAT4	1	Stat4	
NABP1	1	Nabp1	
ARL6IP4	1	Arl6ip4	
TCF4	1	Tcf4	
MTPN	1	Mtpn	
GALNT3	1	Galnt3	
CDIN1	1	BC052040	
SELENOF	1	Selenof	
GNPDA1	1	Gnpda1	
TFRC	1	Tfrc	
CTSA	1	Ctsa	
PCBP1	1	Pcbp1	
GPX4	1	Gpx4	
PEBP1	1	Pebp1	
MORF4L1	1	Morf4l1	
SV2C	1	Sv2c	
TP53I13	1	Trp53i13	
DGKG	1	Dgkg	
PSMD2	1	Psmd2	
CHAF1B	1	Chaf1b	
SRI	1	Sri	
ANXA6	1	Anxa6	
TAX1BP1	1	Tax1bp1	
BOLA2	1	Bola2	
NFATC1	1	Nfatc1	
LMAN1	1	Lman1	
PIK3AP1	1	Pik3ap1	
B3GNT2	1	B3gnt2	
GBP4	1	Gbp3	
ATF4	1	Atf4	
PIM3	1	Pim3	
SNX25	1	Snx25	
GCH1	1	Gch1	
TBC1D4	1	Tbc1d4	
PNP	1	Pnp	
GSPT1	1	Gspt1	
CDC37	1	Cdc37	
HNRNPDL	1	Hnrnpdl	
EFCAB11	1	Efcab11	
APLP2	1	Aplp2	
BSPRY	1	Bspry	
SCYL2	1	Scyl2	
ERG28	1	Erg28	
NT5C3B	1	Nt5c3b	
MVB12A	1	Mvb12a	
AXL	1	Axl	
EIF4EBP1	1	Eif4ebp1	
PLEKHB2	1	Plekhb2	
KHSRP	1	Khsrp	
TMCO1	1	Tmco1	
TFDP2	1	Tfdp2	
TOB2	1	Tob2	
SNAPC5	1	Snapc5	
AQP3	1	Aqp3	
BCL3	1	Bcl3	
STK38L	1	Stk38l	
PPP2R3A	1	Ppp2r3a	
PSMA2	1	Psma2	
MEAF6	1	Meaf6	
GOLIM4	1	Golim4	
LTA	1	Lta	
DPYSL2	1	Dpysl2	
VPS36	1	Vps36	
IRAG2	1	Lrmp	
CAP1	1	Cap1	
NAA20	1	Naa20	
AREG	1	Areg	
SNRPB2	1	Snrpb2	
BAK1	1	Bak1	
VBP1	1	Vbp1	
RNF10	1	Rnf10	
MATK	1	Matk	
PSMA6	1	Psma6	
GGTA1	1	Ggta1	
NDUFB3	1	Ndufb3	
METRNL	1	Metrnl	
POLR2E	1	Polr2e	
GGH	1	Ggh	
CHEK1	1	Chek1	
NDUFB2	1	Ndufb2	
NDUFA7	1	Ndufa7	
EMC3	1	Emc3	
EMC7	1	Emc7	
GHITM	1	Ghitm	
BZW1	1	Bzw1	
ALPK2	1	Alpk2	
UBR7	1	Ubr7	
FUCA1	1	Fuca1	
HNRNPUL1	1	Hnrnpul1	
CUTA	1	Cuta	
SLC4A8	1	Slc4a8	
TIMM10B	1	Timm10b	
ANXA5	1	Anxa5	
EIF3A	1	Eif3a	
TIMM13	1	Timm13	
EMSY	1	Emsy	
STK39	1	Stk39	
MFSD10	1	Mfsd10	
KLRK1	1	Klrk1	
STARD4	1	Stard4	
G3BP1	1	G3bp1	
FRG1	1	Frg1	
NDUFAF3	1	Ndufaf3	
RNF7	1	Rnf7	
ATP5F1B	1	Atp5b	
EGLN3	1	Egln3	
GINS4	1	Gins4	
DDT	1	Ddt	
NOTCH2	1	Notch2	
ADIPOR1	1	Adipor1	
NDUFAF8	1	Ndufaf8	
FHL2	1	Fhl2	
TMEM97	1	Tmem97	
DERL2	1	Derl2	
POLE3	1	Pole3	
MICOS13	1	Micos13	
ST13	1	St13	
CD3D	1	Cd3d	
GLMP	1	Glmp	
IER3IP1	1	Ier3ip1	
STRAP	1	Strap	
PKP4	1	Pkp4	
ATP10A	1	Atp10a	
CTDSPL2	1	Ctdspl2	
VPS28	1	Vps28	
CD200	1	Cd200	
CEMIP2	1	Cemip2	
MYO5A	1	Myo5a	
MPDU1	1	Mpdu1	
YIPF3	1	Yipf3	
PPIH	1	Ppih	
PSMB9	1	Psmb9	
MARCKSL1	1	Marcksl1	
NCBP2	1	Ncbp2	
AIM2	1	Aim2	
DDA1	1	Dda1	
DDX1	1	Ddx1	
GOLPH3	1	Golph3	
DCAF15	1	Dcaf15	
IL3RA	1	Il3ra	
DENR	1	Denr	
CD5	1	Cd5	
DHRS7	1	Dhrs7	
SURF4	1	Surf4	
BSCL2	1	Bscl2	
PSMD7	1	Psmd7	
SYPL1	1	Sypl	
NENF	1	Nenf	
ASB2	1	Asb2	
HOMER1	1	Homer1	
ELOVL1	1	Elovl1	
FAM133B	1	Fam133b	
ABHD12	1	Abhd12	
SLC25A39	1	Slc25a39	
YEATS4	1	Yeats4	
PARP1	1	Parp1	
EIF1AD	1	Eif1ad	
GTF2IRD1	1	Gtf2ird1	
UBE2Q2	1	Ube2q2	
AARSD1	1	Aarsd1	
SEC24D	1	Sec24d	
CDC7	1	Cdc7	
MRPS14	1	Mrps14	
HTATIP2	1	Htatip2	
TIMM8B	1	Timm8b	
CCT2	1	Cct2	
PIH1D1	1	Pih1d1	
NDUFB10	1	Ndufb10	
TRAPPC6A	1	Trappc6a	
PMM1	1	Pmm1	
HAUS6	1	Haus6	
USP14	1	Usp14	
FES	1	Fes	
ESPL1	1	Espl1	
SNRNP40	1	Snrnp40	
SYCE2	1	Syce2	
NCMAP	1	Ncmap	
NRIP1	1	Nrip1	
FXN	1	Fxn	
GLTP	1	Gltp	
HDLBP	1	Hdlbp	
NEAT1	1	Neat1	
EIF4E2	1	Eif4e2	
POPDC2	1	Popdc2	
BAX	1	Bax	
RFC1	1	Rfc1	
SEMA7A	1	Sema7a	
PPARG	1	Pparg	
GTF3A	1	Gtf3a	
MPP7	1	Mpp7	
ZBTB32	1	Zbtb32	
RNF26	1	Rnf26	
MRFAP1	1	Mrfap1	
NAA40	1	Naa40	
JOSD1	1	Josd1	
RTF2	1	Rtf2	
H3C4	1	Hist1h3a	
POLR2J	1	Polr2j	
UBE2F	1	Ube2f	
CDC25C	1	Cdc25c	
IER5L	1	Ier5l	
NINJ1	1	Ninj1	
PPP1R11	1	Ppp1r11	
GTPBP1	1	Gtpbp1	
LST1	1	Lst1	
IPMK	1	Ipmk	
NIPA2	1	Nipa2	
MBD2	1	Mbd2	
HIVEP3	1	Hivep3	
LRIG1	1	Lrig1	
POLR2L	1	Polr2l	
AMZ2	1	Amz2	
ITGB7	1	Itgb7	
GARS1	1	Gars	
AGFG2	1	Agfg2	
ARL2BP	1	Arl2bp	
EIF3L	1	Eif3l	
H2AC4	1	Hist1h2ag	
TANK	1	Tank	
SMPDL3B	1	Smpdl3b	
PSMB8	1	Psmb8	
PRDX5	1	Prdx5	
CEP85	1	Cep85	
H4C13	1	Hist1h4n	
ZBTB38	1	Zbtb38	
PNRC1	1	Pnrc1	
SH2B1	1	Sh2b1	
ZC3H12A	1	Zc3h12a	
INPP5D	1	Inpp5d	
COPS4	1	Cops4	
AFG3L1P	1	Afg3l1	
CERS2	1	Cers2	
POLA2	1	Pola2	
SLC17A8	1	Slc17a8	
EXO1	1	Exo1	
CDT1	1	Cdt1	
PSMD14	1	Psmd14	
IZUMO1R	1	Izumo1r	
TDP2	1	Tdp2	
STK19	1	Stk19	
FANCD2	1	Fancd2	
ACSL5	1	Acsl5	
TROAP	1	Troap	
RAP1B	1	Rap1b	
RPN2	1	Rpn2	
ACOT11	1	Acot11	
NCALD	1	Ncald	
CDC5L	1	Cdc5l	
ADAM8	1	Adam8	
GOLT1B	1	Golt1b	
POLR3K	1	Polr3k	
DSCC1	1	Dscc1	
GATAD1	1	Gatad1	
FBXW8	1	Fbxw8	
SNHG3	1	Snhg3	
UCHL5	1	Uchl5	
RPL37	1	Rpl37	
TIMELESS	1	Timeless	
RMI2	1	Rmi2	
MRPS23	1	Mrps23	
PAM16	1	Pam16	
HSPA14	1	Hspa14	
CACNA1S	1	Cacna1s	
DOK1	1	Dok1	
GABARAPL2	1	Gabarapl2	
ELDR	1	Eldr	
HAUS3	1	Haus3	
SLC25A11	1	Slc25a11	
SMAP1	1	Smap1	
GCAT	1	Gcat	
COPB2	1	Copb2	
SUMO1	1	Sumo1	
PKMYT1	1	Pkmyt1	
CTBP1	1	Ctbp1	
YWHAZ	1	Ywhaz	
BTBD19	1	Btbd19	
H2BC9	1	Hist1h2bh	
POLD1	1	Pold1	
RAD54L	1	Rad54l	
TSTD3	1	Tstd3	
MED8	1	Med8	
TRIR	1	Trir	
CORO7	1	Coro7	
KLF4	1	Klf4	
MED10	1	Med10	
CEP89	1	Cep89	
MAP3K8	1	Map3k8	
SLC24A5	1	Slc24a5	
GLB1	1	Glb1	
EIF3J	1	Eif3j1	
HNRNPR	1	Hnrnpr	
FANCA	1	Fanca	
TRAF3	1	Traf3	
KDELR1	1	Kdelr1	
UMAD1	1	Umad1	
NF1	1	Nf1	
PSMA5	1	Psma5	
VCL	1	Vcl	
DNAJB6	1	Dnajb6	
TRIOBP	1	Triobp	
DEGS1	1	Degs1	
PLIN2	1	Plin2	
IDH3B	1	Idh3b	
RPS12	1	Rps12	
INPP5A	1	Inpp5a	
NAMPT	1	Nampt	
RPTOR	1	Rptor	
SASH3	1	Sash3	
BCLAF1	1	Bclaf1	
TMEM175	1	Tmem175	
TAPBPL	1	Tapbpl	
GPCPD1	1	Gpcpd1	
DGUOK	1	Dguok	
DHX40	1	Dhx40	
MXD4	1	Mxd4	
ILRUN	1	Ilrun	
PKD1	1	Pkd1	
NFKBIZ	1	Nfkbiz	
KIZ	1	Kiz	
LATS2	1	Lats2	
DOP1B	1	Dop1b	
PARP6	1	Parp6	
TSNAX	1	Tsnax	
DUSP7	1	Dusp7	
SLTM	1	Sltm	
OSBPL8	1	Osbpl8	
ZBTB9	1	Zbtb9	
MTIF2	1	Mtif2	
SLC25A36	1	Slc25a36	
BCL6	1	Bcl6	
CTSO	1	Ctso	
FAM222B	1	Fam222b	
DNAJB4	1	Dnajb4	
CLUAP1	1	Cluap1	
CPSF3	1	Cpsf3	
ZNF169	1	Zfp169	
PWWP2A	1	Pwwp2a	
ARFGEF2	1	Arfgef2	
ZNF182	1	Zfp182	
FAM53A	1	Fam53a	
NXN	1	Nxn	
MCU	1	Mcu	
GPATCH2L	1	Gpatch2l	
SLC39A10	1	Slc39a10	
ADNP	1	Adnp	
SCD	1	Scd2	
PIM2	1	Pim2	
TK2	1	Tk2	
PCF11	1	Pcf11	
UBR4	1	Ubr4	
NCKAP1L	1	Nckap1l	
SORL1	1	Sorl1	
PRKCZ	1	Prkcz	
GTDC1	1	Gtdc1	
KLHL20	1	Klhl20	
RLIM	1	Rlim	
RAB5B	1	Rab5b	
UGGT1	1	Uggt1	
TRRAP	1	Trrap	
SMAD5	1	Smad5	
SLC10A7	1	Slc10a7	
RNF2	1	Rnf2	
C18orf25	1	8030462N17Rik	
TMEM87A	1	Tmem87a	
EZH1	1	Ezh1	
HYCC2	1	Fam126b	
SFI1	1	Sfi1	
LSM14A	1	Lsm14a	
SLC17A9	1	Slc17a9	
CD200R1	1	Cd200r1	
RAB11FIP4	1	Rab11fip4	
EPS15L1	1	Eps15l1	
UBXN4	1	Ubxn4	
KIAA0319L	1	AU040320	
TBC1D23	1	Tbc1d23	
POC1B	1	Poc1b	
MTR	1	Mtr	
MAML3	1	Maml3	
TRAF3IP2	1	Traf3ip2	
MLH3	1	Mlh3	
EFL1	1	Efl1	
RALGAPA1	1	Ralgapa1	
TMEM87B	1	Tmem87b	
NCK1	1	Nck1	
ZNF274	1	Zfp369	
HDGFL3	1	Hdgfl3	
SEC24C	1	Sec24c	
TENT4B	1	Tent4b	
SMAP2	1	Smap2	
NIN	1	Nin	
WBP1L	1	Wbp1l	
ZBTB37	1	Zbtb37	
RAB11FIP2	1	Rab11fip2	
XYLT2	1	Xylt2	
TMTC2	1	Tmtc2	
FCHO2	1	Fcho2	
USP45	1	Usp45	
GPATCH4	1	Gpatch4	
ETS1	1	Ets1	
PAPOLG	1	Papolg	
KANTR	1	Kantr	
CD8B	1	Cd8b1	
PREX1	1	Prex1	
MT-ND4	1	mt-Nd4	
CCSER2	1	Ccser2	
NME7	1	Nme7	
DNAJC7	1	Dnajc7	
KIF3B	1	Kif3b	
ORC5	1	Orc5	
AZI2	1	Azi2	
IP6K1	1	Ip6k1	
CCNT2	1	Ccnt2	
MAP2K5	1	Map2k5	
OSBPL9	1	Osbpl9	
UBE4B	1	Ube4b	
METTL16	1	Mettl16	
CASD1	1	Casd1	
UQCC1	1	Uqcc1	
DRAM2	1	Dram2	
LRCH3	1	Lrch3	
RAB10	1	Rab10	
ANKS1A	1	Anks1	
USP6NL	1	Usp6nl	
NUP210	1	Nup210	
XPO7	1	Xpo7	
PRPF39	1	Prpf39	
XPNPEP3	1	Xpnpep3	
VPS41	1	Vps41	
TRPM7	1	Trpm7	
HDAC4	1	Hdac4	
TUG1	1	Tug1	
FEZ2	1	Fez2	
ATXN3	1	Atxn3	
RSF1	1	Rsf1	
ZNF609	1	Zfp609	
PTBP2	1	Ptbp2	
PRKCA	1	Prkca	
DCAF8	1	Dcaf8	
PDE6H	1	Pde6h	
CNP	1	Cnp	
KLHL2	1	Klhl2	
HSPE1	1	Hspe1	
PPTC7	1	Pptc7	
IDH2	1	Idh2	
JUN	1	Jun	
SIL1	1	Sil1	
PPP2R5C	1	Ppp2r5c	
GPATCH8	1	Gpatch8	
CLK1	1	Clk1	
TTLL3	1	Ttll3	
SETD4	1	Setd4	
ANKMY2	1	Ankmy2	
ZNF260	1	Zfp260	
TP53INP1	1	Trp53inp1	
SMG9	1	Smg9	
TMCO4	1	Tmco4	
CNST	1	Cnst	
ITGB3	1	Itgb3	
TMEM161B	1	Tmem161b	
PLCG1	1	Plcg1	
KDM3B	1	Kdm3b	
GOLGA4	1	Golga4	
RPS10	1	Rps10	
MTM1	1	Mtm1	
MGAT4A	1	Mgat4a	
DDB2	1	Ddb2	
LETM2	1	Letm2	
MRPS28	1	Mrps28	
HIPK1	1	Hipk1	
STX8	1	Stx8	
RASA3	1	Rasa3	
SPEN	1	Spen	
DOCK2	1	Dock2	
BFAR	1	Bfar	
BACH1	1	Bach1	
PTBP3	1	Ptbp3	
FAM53B	1	Fam53b	
HIVEP2	1	Hivep2	
WDR37	1	Wdr37	
VCPIP1	1	Vcpip1	
CD164	1	Cd164	
MIPOL1	1	Mipol1	
TNPO3	1	Tnpo3	
MAPK8	1	Mapk8	
TPCN1	1	Tpcn1	
SKP1	1	Skp1a	
MBTPS1	1	Mbtps1	
RPS29	1	Rps29	
XPO6	1	Xpo6	
CCDC85B	1	Ccdc85b	
SMIM4	1	Smim4	
GNG12	1	Gng12	
TIGD2	1	Tigd2	
C19orf38	1	AB124611	
ABHD18	1	Abhd18	
PJA2	1	Pja2	
NOL8	1	Nol8	
PPP6R3	1	Ppp6r3	
PISD	1	Pisd	
PXK	1	Pxk	
CCDC125	1	Ccdc125	
AMY2A	1	Amy1	
GOLGA1	1	Golga1	
USP7	1	Usp7	
NFYC	1	Nfyc	
ZNF329	1	Zfp329	
OPA1	1	Opa1	
LDHB	1	Ldhb	
TUT7	1	Tut7	
MBTD1	1	Mbtd1	
RC3H1	1	Rc3h1	
SGPP1	1	Sgpp1	
BBIP1	1	Bbip1	
EIF2AK2	1	Eif2ak2	
ANKHD1	1	Ankhd1	
TXK	1	Txk	
HELZ2	1	Helz2	
NDUFS4	1	Ndufs4	
GBF1	1	Gbf1	
FBXL12	1	Fbxl12	
LPCAT3	1	Lpcat3	
USP15	1	Usp15	
ITFG1	1	Itfg1	
RPS13	1	Rps13	
RALA	1	Rala	
SLC39A11	1	Slc39a11	
ITK	1	Itk	
BRDT	1	Brdt	
ZC3H6	1	Zc3h6	
ZNF616	1	Zfp984	
PCM1	1	Pcm1	
ITPR3	1	Itpr3	
PTPN12	1	Ptpn12	
AMMECR1	1	Ammecr1	
MARK3	1	Mark3	
PITPNM2	1	Pitpnm2	
ATP13A3	1	Atp13a3	
MARF1	1	Marf1	
C19orf12	1	1600014C10Rik	
IRF2BPL	1	Irf2bpl	
ORC4	1	Orc4	
MKLN1	1	Mkln1	
RPS3A	1	Rps3a1	
SCAF4	1	Scaf4	
DHX30	1	Dhx30	
ZNF518A	1	Zfp518a	
BMP2K	1	Bmp2k	
ORC3	1	Orc3	
IRF3	1	Irf3	
CDK7	1	Cdk7	
METTL8	1	Mettl8	
NAV2	1	Nav2	
ZBTB44	1	Zbtb44	
WDR20	1	Wdr20	
BCKDHB	1	Bckdhb	
SLMAP	1	Slmap	
RUFY2	1	Rufy2	
CCPG1	1	Ccpg1	
RLF	1	Rlf	
INPP1	1	Inpp1	
ZNF395	1	Zfp395	
R3HCC1L	1	R3hcc1l	
IMMP1L	1	Immp1l	
SETD5	1	Setd5	
PRR14L	1	Prr14l	
ZZEF1	1	Zzef1	
DYNC1H1	1	Dync1h1	
USP47	1	Usp47	
CLEC16A	1	Clec16a	
CEP68	1	Cep68	
ZNF28	1	Zfp950	
MLLT6	1	Mllt6	
SNAPC3	1	Snapc3	
EPC1	1	Epc1	
CAMKMT	1	Camkmt	
MSH3	1	Msh3	
THAP3	1	Thap3	
UBE2W	1	Ube2w	
ABI1	1	Abi1	
LRRC28	1	Lrrc28	
RGS14	1	Rgs14	
SMC4	1	Smc4	
CTNNBL1	1	Ctnnbl1	
RARS2	1	Rars2	
PPM1K	1	Ppm1k	
SMIM14	1	Smim14	
ZZZ3	1	Zzz3	
PPARGC1B	1	Ppargc1b	
KLHDC10	1	Klhdc10	
PHF12	1	Phf12	
DCP1B	1	Dcp1b	
WARS2	1	Wars2	
PRMT3	1	Prmt3	
RASSF5	1	Rassf5	
POT1	1	Pot1b	
NUMA1	1	Numa1	
DTNB	1	Dtnb	
ADD1	1	Add1	
RSBN1	1	Rsbn1	
BABAM2	1	Babam2	
PGAP1	1	Pgap1	
RNF111	1	Rnf111	
SAYSD1	1	Saysd1	
PAPOLA	1	Papola	
PPP1R9B	1	Ppp1r9b	
EIF4EBP2	1	Eif4ebp2	
RPL30	1	Rpl30	
PARP4	1	Parp4	
CR1L	1	Cr1l	
CTPS2	1	Ctps2	
PITPNC1	1	Pitpnc1	
DAPK1	1	Dapk1	
JMJD1C	1	Jmjd1c	
RAB3GAP1	1	Rab3gap1	
RINL	1	Rinl	
HACE1	1	Hace1	
MAP3K2	1	Map3k2	
MEF2D	1	Mef2d	
IFI35	1	Ifi35	
REV1	1	Rev1	
TTYH3	1	Ttyh3	
WAPL	1	Wapl	
DCUN1D1	1	Dcun1d1	
MDN1	1	Mdn1	
RPL13	1	Rpl13	
FBXO38	1	Fbxo38	
BCOR	1	Bcor	
PIK3C2A	1	Pik3c2a	
PIGN	1	Pign	
GUCD1	1	Gucd1	
STK26	1	Stk26	
ZHX3	1	Zhx3	
NMI	1	Nmi	
TNFAIP8L2	1	Tnfaip8l2	
MCMBP	1	Mcmbp	
KIAA2026	1	9930021J03Rik	
CYB5B	1	Cyb5b	
ZNF438	1	Zfp438	
TNKS2	1	Tnks2	
SLC25A27	1	Slc25a27	
SLC37A1	1	Slc37a1	
CWF19L2	1	Cwf19l2	
GPATCH2	1	Gpatch2	
GNGT2	1	Gngt2	
GIT2	1	Git2	
WASHC2A	1	Washc2	
PIKFYVE	1	Pikfyve	
NARS2	1	Nars2	
RBBP6	1	Rbbp6	
ZSCAN26	1	Zscan26	
EPS15	1	Eps15	
ARHGAP35	1	Arhgap35	
COP1	1	Cop1	
PIAS1	1	Pias1	
COX10	1	Cox10	
ZKSCAN4	1	Zkscan3	
MYO9A	1	Myo9a	
EPB41	1	Epb41	
TMEM241	1	Tmem241	
MAP7	1	Map7	
ATG10	1	Atg10	
DIDO1	1	Dido1	
SDHA	1	Sdha	
FAM13B	1	Fam13b	
PYM1	1	Pym1	
TLK2	1	Tlk2	
DNM2	1	Dnm2	
SORCS2	1	Sorcs2	
ANKRD11	1	Ankrd11	
CHD7	1	Chd7	
PPP4R3B	1	Ppp4r3b	
N4BP2L2	1	N4bp2l2	
RANBP10	1	Ranbp10	
SH2D3C	1	Sh2d3c	
SCFD1	1	Scfd1	
ULK2	1	Ulk2	
INVS	1	Invs	
ATP6V0A2	1	Atp6v0a2	
HERC2	1	Herc2	
WDR7	1	Wdr7	
SLC2A3	1	Slc2a3	
IRF9	1	Irf9	
ZNF398	1	Zfp398	
RNF169	1	Rnf169	
LMO4	1	Lmo4	
RPL21	1	Rpl21	
MT-ATP6	1	mt-Atp6	
NCOA6	1	Ncoa6	
PMEL	1	Pmel	
ST3GAL1	1	St3gal1	
RPRD2	1	Rprd2	
THOC2	1	BC005561	
BTAF1	1	Btaf1	
SPPL3	1	Sppl3	
GALNT11	1	Galnt11	
CHORDC1	1	Chordc1	
TBCK	1	Tbck	
GLG1	1	Glg1	
ZNF91	1	Zfp869	
RPLP1	1	Rplp1	
TAF3	1	Taf3	
PSMB10	1	Psmb10	
ASB13	1	Asb13	
YTHDF3	1	Ythdf3	
TWF2	1	Twf2	
LGALS8	1	Lgals8	
LIMK2	1	Limk2	
TSPAN13	1	Tspan13	
PEX14	1	Pex14	
XPR1	1	Xpr1	
RBM26	1	Rbm26	
BCL9L	1	Bcl9l	
TRPC4AP	1	Trpc4ap	
WDR12	1	Wdr12	
BDP1	1	Bdp1	
KDM5C	1	Kdm5c	
PVT1	1	Pvt1	
ATXN7	1	Atxn7	
C1GALT1	1	C1galt1	
GGT5	1	Ggt5	
UBE3C	1	Ube3c	
TUT4	1	Tut4	
CCDC88C	1	Ccdc88c	
RPL26	1	Rpl26	
USP34	1	Usp34	
SEC11A	1	Sec11a	
ISG20	1	Isg20	
JADE2	1	Jade2	
SPOP	1	Spop	
ATOSA	1	Fam214a	
PFKFB3	1	Pfkfb3	
ZMYM4	1	Zmym4	
KCNMB4	1	Kcnmb4	
POLR1A	1	Polr1a	
DIS3L2	1	Dis3l2	
RFTN1	1	Rftn1	
UNC5CL	1	Unc5cl	
YTHDC1	1	Ythdc1	
TNKS	1	Tnks	
DMTF1	1	Dmtf1	
LRPPRC	1	Lrpprc	
LCORL	1	Lcorl	
B4GALNT1	1	B4galnt1	
PKN1	1	Pkn1	
INO80	1	Ino80	
KIAA1328	1	AW554918	
HECTD4	1	Hectd4	
SOCS3	1	Socs3	
STX16	1	Stx16	
AIG1	1	Aig1	
GRAP	1	Grap	
ATXN7L3B	1	Atxn7l3b	
EHD3	1	Ehd3	
PRKDC	1	Prkdc	
GAPVD1	1	Gapvd1	
CTSS	1	Ctss	
PKN2	1	Pkn2	
FAS	1	Fas	
CHD8	1	Chd8	
SCP2	1	Scp2	
FAM149B1	1	Fam149b	
SPSB1	1	Spsb1	
PATZ1	1	Patz1	
PLEKHA1	1	Plekha1	
RPS25	1	Rps25	
PDPK1	1	Pdpk1	
LCK	1	Lck	
MECP2	1	Mecp2	
FAM120B	1	Fam120b	
ARF3	1	Arf3	
DENND6A	1	Dennd6a	
TRAC	1	Trac	
SARAF	1	Saraf	
YPEL3	1	Ypel3	
RABEP1	1	Rabep1	
RPL7	1	Rpl7	
PPP1R21	1	Ppp1r21	
TRIM25	1	Trim25	
GALK2	1	Galk2	
RPS3	1	Rps3	
NUFIP2	1	Nufip2	
PHF20	1	Phf20	
UBR3	1	Ubr3	
RFFL	1	Rffl	
RTN4RL1	1	Rtn4rl1	
ZBTB4	1	Zbtb4	
LMAN2L	1	Lman2l	
ARHGAP12	1	Arhgap12	
TNPO1	1	Tnpo1	
RNF130	1	Rnf130	
DCAF17	1	Dcaf17	
OAS3	1	Oas3	
STAT2	1	Stat2	
FAM193A	1	Fam193a	
LRIF1	1	Lrif1	
LY9	1	Ly9	
SCAI	1	Scai	
SMAD1	1	Smad1	
ABCC5	1	Abcc5	
ZCCHC2	1	Zcchc2	
ETV3	1	Etv3	
HLA-E	1	H2-T23	
RASAL3	1	Rasal3	
TRAPPC12	1	Trappc12	
RNF114	1	Rnf114	
DICER1	1	Dicer1	
HSDL1	1	Hsdl1	
SEC16A	1	Sec16a	
TMEM260	1	Tmem260	
ACAP2	1	Acap2	
PHKB	1	Phkb	
ZNF236	1	Zfp236	
PLEKHA7	1	Plekha7	
SIPA1L3	1	Sipa1l3	
URI1	1	Uri1	
ATXN2	1	Atxn2	
PGPEP1L	1	Pgpep1l	
MAP4K4	1	Map4k4	
PUM1	1	Pum1	
INPP5F	1	Inpp5f	
KRIT1	1	Krit1	
TANGO6	1	Tango6	
ACSS2	1	Acss2	
FRS2	1	Frs2	
ARHGAP5	1	Arhgap5	
KIAA0040	1	4930523C07Rik	
GGPS1	1	Ggps1	
MOV10	1	Mov10	
DPH6	1	Dph6	
AFG1L	1	Afg1l	
ALKBH8	1	Alkbh8	
ABI3	1	Abi3	
MICALL1	1	Micall1	
GON4L	1	Gon4l	
RASA1	1	Rasa1	
NOP10	1	Nop10	
JMY	1	Jmy	
PGS1	1	Pgs1	
IL17RA	1	Il17ra	
STRBP	1	Strbp	
CREB1	1	Creb1	
CBR1	1	Cbr1	
RPH3AL	1	Rph3al	
SLAMF6	1	Slamf6	
CYFIP2	1	Cyfip2	
ANKRD28	1	Ankrd28	
SPOPL	1	Spopl	
UPF2	1	Upf2	
MINDY2	1	Mindy2	
CD53	1	Cd53	
LFNG	1	Lfng	
SYNRG	1	Synrg	
RNF19A	1	Rnf19a	
PURA	1	Pura	
CNOT2	1	Cnot2	
NR2C2	1	Nr2c2	
STRN3	1	Strn3	
TMCC1	1	Tmcc1	
WDR33	1	Wdr33	
SOS1	1	Sos1	
USP12	1	Usp12	
ZYG11B	1	Zyg11b	
MEF2A	1	Mef2a	
ESCO1	1	Esco1	
HLCS	1	Hlcs	
AQR	1	Aqr	
PIAS2	1	Pias2	
CNN3	1	Cnn3	
EHMT1	1	Ehmt1	
NUB1	1	Nub1	
NFATC3	1	Nfatc3	
CRTC3	1	Crtc3	
ARHGAP4	1	Arhgap4	
ELF1	1	Elf1	
UBR1	1	Ubr1	
OASL	1	Oasl1	
BTBD7	1	Btbd7	
UBN2	1	Ubn2	
TTC7B	1	Ttc7b	
GPRASP1	1	Gprasp1	
ARHGAP1	1	Arhgap1	
CSNK1G1	1	Csnk1g1	
ZFAND3	1	Zfand3	
IDNK	1	Idnk	
ICE1	1	Ice1	
EXOC6B	1	Exoc6b	
STAG2	1	Stag2	
NGLY1	1	Ngly1	
MAPKAP1	1	Mapkap1	
GATAD2B	1	Gatad2b	
TBXA2R	1	Tbxa2r	
PPP4R2	1	Ppp4r2	
DLG1	1	Dlg1	
ITPKB	1	Itpkb	
STARD5	1	Stard5	
USP40	1	Usp40	
WDR44	1	Wdr44	
TTC14	1	Ttc14	
TBL1XR1	1	Tbl1xr1	
UBE2R2	1	Ube2r2	
ENOX2	1	Enox2	
GSK3B	1	Gsk3b	
LRCH1	1	Lrch1	
BOD1L1	1	Bod1l	
ARHGAP30	1	Arhgap30	
VIPR1	1	Vipr1	
EEF1G	1	Eef1g	
DYRK1A	1	Dyrk1a	
PML	1	Pml	
APC	1	Apc	
ZFP1	1	Zfp1	
ZNRF1	1	Znrf1	
SLC16A5	1	Slc16a5	
ARFGEF1	1	Arfgef1	
TAOK1	1	Taok1	
CELSR1	1	Celsr1	
SEC24B	1	Sec24b	
LGALS9	1	Lgals9	
NT5C3A	1	Nt5c3	
RMDN1	1	Rmdn1	
SPATA13	1	Spata13	
SHISA5	1	Shisa5	
TSC22D3	1	Tsc22d3	
MLLT10	1	Mllt10	
TXLNG	1	Txlng	
PCMTD1	1	Pcmtd1	
LDAH	1	Ldah	
NFE2L2	1	Nfe2l2	
TXNDC16	1	Txndc16	
KIF21B	1	Kif21b	
RELCH	1	Relch	
PVR	1	Pvr	
ZNF277	1	Zfp277	
WASHC3	1	Washc3	
TTC13	1	Ttc13	
KANSL1	1	Kansl1	
MARK2	1	Mark2	
RPS27A	1	Rps27a	
LYSMD4	1	Lysmd4	
ZNF592	1	Zfp592	
PABPC1	1	Pabpc1	
GGACT	1	Ggact	
NCOR1	1	Ncor1	
COX7A2L	1	Cox7a2l	
SOX4	1	Sox4	
ANKFY1	1	Ankfy1	
KLHL24	1	Klhl24	
HDHD5	1	Hdhd5	
UBE4A	1	Ube4a	
ZNFX1	1	Znfx1	
ATF2	1	Atf2	
SLC38A9	1	Slc38a9	
ZEB1	1	Zeb1	
TMIE	1	Tmie	
PRKD3	1	Prkd3	
AVL9	1	Avl9	
TMEM131	1	Tmem131	
CHD9	1	Chd9	
RB1CC1	1	Rb1cc1	
PIBF1	1	Pibf1	
SMAD7	1	Smad7	
AATF	1	Aatf	
CYLD	1	Cyld	
SND1	1	Snd1	
ITM2A	1	Itm2a	
RPS4X	1	Rps4x	
USP33	1	Usp33	
ORAI2	1	Orai2	
SLC35B3	1	Slc35b3	
SLC26A10P	1	Slc26a10	
USE1	1	Use1	
TAPT1	1	Tapt1	
N4BP2	1	N4bp2	
FHIT	1	Fhit	
TMEM229B	1	Tmem229b	
DNAH8	1	Dnah8	
GSE1	1	Gse1	
TESC	1	Tesc	
CNOT6L	1	Cnot6l	
C16orf54	1	AI467606	
ARMC8	1	Armc8	
BAZ2A	1	Baz2a	
HELZ	1	Helz	
BIRC6	1	Birc6	
SNRK	1	Snrk	
KLHDC1	1	Klhdc1	
FLI1	1	Fli1	
EIF4G3	1	Eif4g3	
ARHGEF6	1	Arhgef6	
TOM1L2	1	Tom1l2	
R3HDM1	1	R3hdm1	
RPS20	1	Rps20	
LCP2	1	Lcp2	
CASP8	1	Casp8	
TRIP11	1	Trip11	
BANP	1	Banp	
STK38	1	Stk38	
ATAD2B	1	Atad2b	
STK10	1	Stk10	
LARP1	1	Larp1	
GAB3	1	Gab3	
ZNF654	1	Zfp654	
KCNN4	1	Kcnn4	
ELP4	1	Elp4	
PPP1R12B	1	Ppp1r12b	
RBM5	1	Rbm5	
KMT2D	1	Kmt2d	
TULP4	1	Tulp4	
TAOK3	1	Taok3	
VAMP1	1	Vamp1	
ZFP36L2	1	Zfp36l2	
RPL17	1	Rpl17	
LCOR	1	Lcor	
SFMBT2	1	Sfmbt2	
SNX29	1	Snx29	
FAM117A	1	Fam117a	
FGFR2	1	Fgfr2	
FAM168A	1	Fam168a	
MSRA	1	Msra	
RAPGEF1	1	Rapgef1	
MCL1	1	Mcl1	
CAB39L	1	Cab39l	
RALGAPB	1	Ralgapb	
RPL8	1	Rpl8	
CHASERR	1	1810026B05Rik	
EML5	1	Eml5	
UBE3A	1	Ube3a	
ARID3B	1	Arid3b	
RPS6KA3	1	Rps6ka3	
HUWE1	1	Huwe1	
PLCL1	1	Plcl1	
AGK	1	Agk	
LRP6	1	Lrp6	
SH3BP5	1	Sh3bp5	
ATP6V1H	1	Atp6v1h	
UBE2D1	1	Ube2d1	
DNAJB9	1	Dnajb9	
ZNF638	1	Zfp638	
GRAMD1A	1	Gramd1a	
MAX	1	Max	
CCDC171	1	Ccdc171	
CUL3	1	Cul3	
LDB1	1	Ldb1	
WIPF1	1	Wipf1	
CDK12	1	Cdk12	
TBC1D5	1	Tbc1d5	
ZNF281	1	Zfp281	
ZNF407	1	Zfp407	
SRSF5	1	Srsf5	
ABL2	1	Abl2	
SLC30A7	1	Slc30a7	
MAP2K4	1	Map2k4	
VPS13B	1	Vps13b	
FARS2	1	Fars2	
MITD1	1	Mitd1	
TBCEL	1	Tbcel	
EXOC6	1	Exoc6	
HMGN1	1	Hmgn1	
TBC1D22B	1	Tbc1d22b	
KDM6A	1	Kdm6a	
IGSF23	1	Igsf23	
DCAF5	1	Dcaf5	
VPS13C	1	Vps13c	
KDM4C	1	Kdm4c	
KLK8	1	Klk8	
HBP1	1	Hbp1	
AKAP10	1	Akap10	
KDM5A	1	Kdm5a	
ANKRD17	1	Ankrd17	
PCMTD2	1	Pcmtd2	
TTC17	1	Ttc17	
RBM6	1	Rbm6	
ANKIB1	1	Ankib1	
UST	1	Ust	
RNF167	1	Rnf167	
TRIM33	1	Trim33	
GBP2	1	Gbp2	
ASB3	1	Asb3	
IFIH1	1	Ifih1	
LIMS1	1	Lims1	
RNF38	1	Rnf38	
GTF2I	1	Gtf2i	
KLHL3	1	Klhl3	
DENND1B	1	Dennd1b	
FUBP1	1	Fubp1	
HSPH1	1	Hsph1	
PPM1B	1	Ppm1b	
RPL9	1	Rpl9	
NCOA1	1	Ncoa1	
HMBOX1	1	Hmbox1	
GALNT6	1	Galnt6	
COX16	1	Cox16	
RPS9	1	Rps9	
SCARB2	1	Scarb2	
SYNJ2BP	1	Synj2bp	
TPT1	1	Tpt1	
ITCH	1	Itch	
SEC63	1	Sec63	
ADAR	1	Adar	
MDM4	1	Mdm4	
ATRN	1	Atrn	
RASA2	1	Rasa2	
TMEM164	1	Tmem164	
KIDINS220	1	Kidins220	
ARID4B	1	Arid4b	
DDX10	1	Ddx10	
DDX6	1	Ddx6	
COG5	1	Cog5	
PRDM2	1	Prdm2	
PNISR	1	Pnisr	
SMC6	1	Smc6	
EIF5	1	Eif5	
VAV3	1	Vav3	
METTL9	1	Mettl9	
ARMC7	1	Armc7	
CLIP1	1	Clip1	
UBASH3A	1	Ubash3a	
FOXK1	1	Foxk1	
EXT1	1	Ext1	
MIDEAS	1	Elmsan1	
TTC27	1	Ttc27	
RESF1	1	Resf1	
ARHGAP25	1	Arhgap25	
CARD6	1	Card6	
TRAF5	1	Traf5	
EFR3A	1	Efr3a	
CYRIB	1	Fam49b	
DYM	1	Dym	
GPHN	1	Gphn	
OAS2	1	Oas2	
DEGS2	1	Degs2	
MAP4K3	1	Map4k3	
ZNF148	1	Zfp148	
CNOT4	1	Cnot4	
ATM	1	Atm	
MSL2	1	Msl2	
ST8SIA4	1	St8sia4	
CD247	1	Cd247	
RABAC1	1	Rabac1	
CEPT1	1	Cept1	
CEP350	1	Cep350	
SPTBN1	1	Sptbn1	
PHF11	2	Phf11b:Phf11c	
FOXO1	1	Foxo1	
AMBRA1	1	Ambra1	
SCMH1	1	Scmh1	
IRF2	1	Irf2	
TDRP	1	Tdrp	
RPL18A	1	Rpl18a	
SESN1	1	Sesn1	
ARID2	1	Arid2	
VTI1A	1	Vti1a	
IQGAP2	1	Iqgap2	
PHF14	1	Phf14	
RBM33	1	Rbm33	
RPS23	1	Rps23	
TMEM245	1	Tmem245	
ZBP1	1	Zbp1	
CDK13	1	Cdk13	
KLHL6	1	Klhl6	
TNRC6A	1	Tnrc6a	
DAXX	1	Daxx	
PNPLA7	1	Pnpla7	
ARHGEF11	1	Arhgef11	
CDC42SE2	1	Cdc42se2	
NUP153	1	Nup153	
ARAP2	1	Arap2	
NT5DC1	1	Nt5dc1	
ZMYM2	1	Zmym2	
VAV1	1	Vav1	
MAN1A2	1	Man1a2	
SCAF8	1	Scaf8	
FRY	1	Fry	
ZNRF2	1	Znrf2	
KAT6A	1	Kat6a	
MBOAT1	1	Mboat1	
ATP11C	1	Atp11c	
AKAP9	1	Akap9	
LNPEP	1	Lnpep	
TOP2B	1	Top2b	
ARL4C	1	Arl4c	
PHF3	1	Phf3	
RPS7	1	Rps7	
NRROS	1	Nrros	
RPS6	1	Rps6	
PDSS2	1	Pdss2	
PIP4K2A	1	Pip4k2a	
RPS16	1	Rps16	
CELF1	1	Celf1	
FBXL17	1	Fbxl17	
ZMYND11	1	Zmynd11	
BOLL	1	Boll	
TGFBR3	1	Tgfbr3	
FNTB	1	Fntb	
DNAJC3	1	Dnajc3	
TRIM34	1	Trim34a	
BRWD1	1	Brwd1	
RABGAP1	1	Rabgap1	
SUCLG2	1	Suclg2	
RPS15	1	Rps15	
ZFP36L1	1	Zfp36l1	
MORC3	1	Morc3	
RPL19	1	Rpl19	
RPS19	1	Rps19	
AIRN	1	Airn	
PCCA	1	Pcca	
FBXL20	1	Fbxl20	
EYA2	1	Eya2	
HSPBAP1	1	Hspbap1	
ARID4A	1	Arid4a	
TASOR2	1	Tasor2	
HERC1	1	Herc1	
ACSS1	1	Acss1	
ERBIN	1	Erbin	
LIMD2	1	Limd2	
SLC14A1	1	Slc14a1	
CEP97	1	Cep97	
AKAP8L	1	Akap8l	
IGF1R	1	Igf1r	
VPS37B	1	Vps37b	
KDM7A	1	Kdm7a	
RCBTB1	1	Rcbtb1	
DMXL1	1	Dmxl1	
RPL31	1	Rpl31	
DCAF6	1	Dcaf6	
RUNDC3B	1	Rundc3b	
ART2BP	1	Art2b	
ID3	1	Id3	
RAI1	1	Rai1	
KCNQ1OT1	1	Kcnq1ot1	
WNT5B	1	Wnt5b	
SETD7	1	Setd7	
SHPRH	1	Shprh	
ASXL2	1	Asxl2	
SMAD3	1	Smad3	
ZNF644	1	Zfp644	
PTEN	1	Pten	
DENND1A	1	Dennd1a	
IKBKB	1	Ikbkb	
PRKACB	1	Prkacb	
SMURF2	1	Smurf2	
RPL23A	1	Rpl23a	
SP4	1	Sp4	
ZDHHC17	1	Zdhhc17	
ABCG2	1	Abcg3	
N4BP2L1	1	N4bp2l1	
TLE4	1	Tle4	
IRF7	1	Irf7	
DNAJA1	1	Dnaja1	
ZFP36	1	Zfp36	
SLC25A12	1	Slc25a12	
SMURF1	1	Smurf1	
XAF1	1	Xaf1	
GIGYF2	1	Gigyf2	
RETREG1	1	Retreg1	
RPS17	1	Rps17	
EXOC4	1	Exoc4	
XRN1	1	Xrn1	
IRGM	3	Igtp:Irgm1:Irgm2	
RBMS1	1	Rbms1	
DPH5	1	Dph5	
STT3B	1	Stt3b	
FBXW4	1	Fbxw4	
LIPA	1	Lipa	
SUSD6	1	Susd6	
ITSN2	1	Itsn2	
ERAP1	1	Erap1	
BAZ2B	1	Baz2b	
STAB2	1	Stab2	
RICTOR	1	Rictor	
KMT5B	1	Kmt5b	
TNFSF8	1	Tnfsf8	
RANBP9	1	Ranbp9	
TRIP12	1	Trip12	
PLCL2	1	Plcl2	
TSPAN32	1	Tspan32	
DOP1A	1	Dop1a	
BMT2	1	Bmt2	
HS2ST1	1	Hs2st1	
FOXO3	1	Foxo3	
KIF1B	1	Kif1b	
FOXN3	1	Foxn3	
PHIP	1	Phip	
MIA2	1	Mia2	
DYRK2	1	Dyrk2	
SIAH1	1	Siah1a	
USP32	1	Usp32	
PPP2R5A	1	Ppp2r5a	
TANC1	1	Tanc1	
OASL2P	1	Oasl2	
LRRC4	1	Lrrc4	
ATF7	1	Atf7	
SH3KBP1	1	Sh3kbp1	
PGLYRP2	1	Pglyrp2	
TBL1X	1	Tbl1x	
DOCK10	1	Dock10	
DESI2	1	Desi2	
RNF145	1	Rnf145	
SCAPER	1	Scaper	
ABCB7	1	Abcb7	
C5orf58	1	4930469K13Rik	
PUM2	1	Pum2	
MFHAS1	1	Mfhas1	
REV3L	1	Rev3l	
ENTREP3	1	Fam189b	
RPS27	2	Rps27:Rps27rt	
HIBADH	1	Hibadh	
ELK4	1	Elk4	
PECAM1	1	Pecam1	
FYN	1	Fyn	
ZNF280D	1	Zfp280d	
DGKD	1	Dgkd	
MED13L	1	Med13l	
CHCHD3	1	Chchd3	
BBS9	1	Bbs9	
INPP4B	1	Inpp4b	
DIAPH2	1	Diaph2	
IL16	1	Il16	
EEFSEC	1	Eefsec	
RPS14	1	Rps14	
GPR174	1	Gpr174	
SMCHD1	1	Smchd1	
ANO6	1	Ano6	
DOCK8	1	Dock8	
OTULINL	1	Otulinl	
RAPGEF2	1	Rapgef2	
TRIM56	1	Trim56	
MGA	1	Mga	
TRIM14	1	Trim14	
SPATA6	1	Spata6	
MFSD4A	1	Mfsd4a	
RPS24	1	Rps24	
VPS13A	1	Vps13a	
CREBBP	1	Crebbp	
LYST	1	Lyst	
ZNF710	1	Zfp710	
BICRA	1	Bicra	
SGK3	1	Sgk3	
IFNGR2	1	Ifngr2	
HMG20A	1	Hmg20a	
CBL	1	Cbl	
MGAT5	1	Mgat5	
TASOR	1	Tasor	
DNMT3A	1	Dnmt3a	
PRRC2C	1	Prrc2c	
CCNY	1	Ccny	
CDKAL1	1	Cdkal1	
RAP1GDS1	1	Rap1gds1	
IKBKE	1	Ikbke	
RAB3IP	1	Rab3ip	
TLK1	1	Tlk1	
PHF20L1	1	Phf20l1	
S1PR1	1	S1pr1	
ZDHHC20	1	Zdhhc20	
RSRP1	1	Rsrp1	
ATP8B4	1	Atp8b4	
LONP2	1	Lonp2	
RAB6B	1	Rab6b	
KANSL1L	1	Kansl1l	
SMAD4	1	Smad4	
PAN3	1	Pan3	
DTX3L	1	Dtx3l	
TRIB2	1	Trib2	
GALNT7	1	Galnt7	
MAP2K6	1	Map2k6	
CD40LG	1	Cd40lg	
IL27RA	1	Il27ra	
FOCAD	1	Focad	
SSH2	1	Ssh2	
CREBRF	1	Crebrf	
CHD6	1	Chd6	
RALGAPA2	1	Ralgapa2	
CAMK2D	1	Camk2d	
NPC2	1	Npc2	
TSIX	1	Tsix	
PTK2B	1	Ptk2b	
GRAMD4	1	Gramd4	
ZMYND8	1	Zmynd8	
TET3	1	Tet3	
DZIP1	1	Dzip1	
CCND2	1	Ccnd2	
DAPL1	1	Dapl1	
CLEC2D	2	Clec2i:Clec2d	
UVRAG	1	Uvrag	
KLF7	1	Klf7	
LRRC1	1	Lrrc1	
FAM169BP	1	Fam169b	
TCP11L2	1	Tcp11l2	
BPTF	1	Bptf	
HDAC8	1	Hdac8	
TRIM44	1	Trim44	
TMEM131L	1	Tmem131l	
CYTH1	1	Cyth1	
RASGRP2	1	Rasgrp2	
PARP9	1	Parp9	
AHCYL2	1	Ahcyl2	
ZNF831	1	Zfp831	
SMG1	1	Smg1	
ASCC3	1	Ascc3	
MYLIP	1	Mylip	
GBP7	1	Gbp7	
TREML2	1	Treml2	
ATP1B3	1	Atp1b3	
MBP	1	Mbp	
ITGA6	1	Itga6	
BCL9	1	Bcl9	
RCSD1	1	Rcsd1	
MAP3K3	1	Map3k3	
BTLA	1	Btla	
KAT2B	1	Kat2b	
ZUP1	1	Zup1	
RPL5	1	Rpl5	
L3MBTL3	1	L3mbtl3	
SP110	1	Sp110	
NCK2	1	Nck2	
ESYT2	1	Esyt2	
ADD3	1	Add3	
KLF13	1	Klf13	
ASH1L	1	Ash1l	
HEXB	1	Hexb	
EIF4A2	1	Eif4a2	
ZHX2	1	Zhx2	
ACP5	1	Acp5	
INSR	1	Insr	
SETX	1	Setx	
SLC9A9	1	Slc9a9	
USP25	1	Usp25	
RRAS2	1	Rras2	
HECA	1	Heca	
RTP4	1	Rtp4	
GIMAP8	1	Gimap8	
PDLIM1	1	Pdlim1	
SESN3	1	Sesn3	
IMMP2L	1	Immp2l	
NIPBL	1	Nipbl	
BST2	1	Bst2	
SMYD3	1	Smyd3	
PPP3CA	1	Ppp3ca	
CD96	1	Cd96	
ZDHHC15	1	Zdhhc15	
TECPR1	1	Tecpr1	
WASHC4	1	Washc4	
HERC4	1	Herc4	
TMLHE	1	Tmlhe	
ABCG1	1	Abcg1	
NSD1	1	Nsd1	
BBX	1	Bbx	
DENND2D	1	Dennd2d	
MBD5	1	Mbd5	
SLC44A2	1	Slc44a2	
IFIT2	1	Ifit2	
ZNF292	1	Zfp292	
MBNL1	1	Mbnl1	
NLRC5	1	Nlrc5	
ALS2CL	1	Als2cl	
ATP11B	1	Atp11b	
SLC49A4	1	Slc49a4	
SELENOP	1	Selenop	
XRCC4	1	Xrcc4	
STIM1	1	Stim1	
HERC3	1	Herc3	
PRKD2	1	Prkd2	
PRRG1	1	Prrg1	
SLCO3A1	1	Slco3a1	
CD84	1	Cd84	
ARHGEF1	1	Arhgef1	
KMT2A	1	Kmt2a	
PRKCE	1	Prkce	
NXPE3	1	Nxpe3	
BCAS3	1	Bcas3	
RALGPS2	1	Ralgps2	
LYPD6B	1	Lypd6b	
AAK1	1	Aak1	
ETNK1	1	Etnk1	
BLTP1	1	4932438A13Rik	
STK17B	1	Stk17b	
PACSIN1	1	Pacsin1	
NCOA2	1	Ncoa2	
CDYL2	1	Cdyl2	
CFLAR	1	Cflar	
DOCK11	1	Dock11	
TTC3	1	Ttc3	
RASSF2	1	Rassf2	
ZCCHC7	1	Zcchc7	
PPP1R13B	1	Ppp1r13b	
CERS6	1	Cers6	
FTO	1	Fto	
FYB1	1	Fyb	
UGCG	1	Ugcg	
MT-ND2	1	mt-Nd2	
PCGF5	1	Pcgf5	
KLF2	1	Klf2	
ARID1A	1	Arid1a	
IPCEF1	1	Ipcef1	
TNRC6C	1	Tnrc6c	
FAM172A	1	Fam172a	
MRTFA	1	Mrtfa	
ARID1B	1	Arid1b	
ZNRF3	1	Znrf3	
TNRC6B	1	Tnrc6b	
SIPA1L1	1	Sipa1l1	
RPL13A	1	Rpl13a	
ATF7IP	1	Atf7ip	
TRAF3IP3	1	Traf3ip3	
CD2AP	1	Cd2ap	
CCM2	1	Ccm2	
PACS1	1	Pacs1	
USP24	1	Usp24	
RFX7	1	Rfx7	
GBP6	4	Gbp6:Gbp8:Gbp9:Gbp4	
PDCD4	1	Pdcd4	
RHOH	1	Rhoh	
SLC12A7	1	Slc12a7	
BICDL1	1	Bicdl1	
ARHGAP45	1	Arhgap45	
SMARCA2	1	Smarca2	
ST8SIA6	1	St8sia6	
UBE2H	1	Ube2h	
SH3PXD2A	1	Sh3pxd2a	
MALAT1	1	Malat1	
IFIT3	1	Ifit3	
INSYN2B	1	Insyn2b	
PIK3IP1	1	Pik3ip1	
DUSP10	1	Dusp10	
GRAMD2B	1	Gramd3	
CYRIA	1	Fam49a	
KMT2C	1	Kmt2c	
SLC12A6	1	Slc12a6	
SENP7	1	Senp7	
TMEM71	1	Tmem71	
RPL12	1	Rpl12	
CALCRL	1	Calcrl	
KDM5B	1	Kdm5b	
STAMBPL1	1	Stambpl1	
CTSE	1	Ctse	
RSU1	1	Rsu1	
RIGI	1	Ddx58	
GPR18	1	Gpr18	
LARS2	1	Lars2	
EPSTI1	1	Epsti1	
MOB3B	1	Mob3b	
JAK1	1	Jak1	
NUMB	1	Numb	
CAMK4	1	Camk4	
TCF20	1	Tcf20	
IGFBP4	1	Igfbp4	
MBNL2	1	Mbnl2	
ATP1B1	1	Atp1b1	
FAM102A	1	Fam102a	
DIPK1A	1	Dipk1a	
SLFN13	2	Slfn8:Slfn9	
CCR7	1	Ccr7	
TBC1D1	1	Tbc1d1	
CRLF3	1	Crlf3	
MCTP2	1	Mctp2	
FILIP1L	1	Filip1l	
PARP14	1	Parp14	
ANKRD44	1	Ankrd44	
USP3	1	Usp3	
NEDD9	1	Nedd9	
CRIM1	1	Crim1	
SAMD9L	1	Samd9l	
FAM78A	1	Fam78a	
DTX1	1	Dtx1	
CD226	1	Cd226	
IL6R	1	Il6ra	
PARP8	1	Parp8	
PIK3CD	1	Pik3cd	
RASGRP1	1	Rasgrp1	
PELI1	1	Peli1	
TCF12	1	Tcf12	
RFX3	1	Rfx3	
PARP11	1	Parp11	
UBAC2	1	Ubac2	
HSD11B1	1	Hsd11b1	
TRAT1	1	Trat1	
ASAP1	1	Asap1	
TXNIP	1	Txnip	
BZW2	1	Bzw2	
ZNF652	1	Zfp652	
TNIK	1	Tnik	
CHD3	1	Chd3	
ATP8A1	1	Atp8a1	
USP18	1	Usp18	
CD27	1	Cd27	
STAT1	1	Stat1	
RREB1	1	Rreb1	
STK4	1	Stk4	
MYCBP2	1	Mycbp2	
NLK	1	Nlk	
PIK3R5	1	Pik3r5	
FCHSD2	1	Fchsd2	
HERC6	1	Herc6	
NDRG3	1	Ndrg3	
BTG1	1	Btg1	
PTPRC	1	Ptprc	
MACF1	1	Macf1	
IFIT1B	2	Ifit1bl1:Ifit1	
SLC28A2	2	Gm14085:Slc28a2	
IFT80	1	Ift80	
KLF3	1	Klf3	
SIDT1	1	Sidt1	
TGFBR2	1	Tgfbr2	
PCED1B	1	Pced1b	
CARD11	1	Card11	
CMAHP	1	Cmah	
ABTB2	1	Abtb2	
ZBTB20	1	Zbtb20	
OPRM1	1	Oprm1	
KBTBD11	1	Kbtbd11	
RFLNB	1	Rflnb	
LPP	1	Lpp	
BCL2	1	Bcl2	
ITPR2	1	Itpr2	
TRIM5	5	Trim12a:Trim5:Trim30d:Trim12c:Trim30a	
TASP1	1	Tasp1	
RAPGEF6	1	Rapgef6	
MLLT3	1	Mllt3	
SKAP1	1	Skap1	
IL6ST	1	Il6st	
DDX60	1	Ddx60	
NEDD4L	1	Nedd4l	
MAN1A1	1	Man1a	
PHF21A	1	Phf21a	
PDE3B	1	Pde3b	
SELL	1	Sell	
ISG15	1	Isg15	
PATJ	1	Patj	
PDK1	1	Pdk1	
IKZF1	1	Ikzf1	
ABLIM1	1	Ablim1	
SP100	1	Sp100	
XIST	1	Xist	
RERE	1	Rere	
NSG2	1	Nsg2	
RAPGEF4	1	Rapgef4	
BCL11B	1	Bcl11b	
AFF3	1	Aff3	
UTRN	1	Utrn	
ARHGEF18	1	Arhgef18	
APBB1IP	1	Apbb1ip	
ARHGEF3	1	Arhgef3	
GRAP2	1	Grap2	
PPM1H	1	Ppm1h	
EVL	1	Evl	
RNF213	1	Rnf213	
SSBP2	1	Ssbp2	
THEMIS	1	Themis	
TESPA1	1	Tespa1	
PRKCB	1	Prkcb	
CAMK1D	1	Camk1d	
GALNT10	1	Galnt10	
THADA	1	Thada	
IFI16	7	Ifi209:Ifi208:Ifi206:Ifi203:Ifi214:Ifi213:Mndal	
DGKA	1	Dgka	
ACTN1	1	Actn1	
ST8SIA1	1	St8sia1	
MAML2	1	Maml2	
FGF13	1	Fgf13	
MS4A6A	1	Ms4a6b	
PAG1	1	Pag1	
RIPOR2	1	Ripor2	
SLFN5	1	Slfn5	
CDK8	1	Cdk8	
GIMAP6	1	Gimap6	
PRKCQ	1	Prkcq	
ARHGAP15	1	Arhgap15	
TCF7	1	Tcf7	
ST6GAL1	1	St6gal1	
BACH2	1	Bach2	
CMSS1	1	Cmss1	
SCML4	1	Scml4	
LEF1	1	Lef1	
CCND3	1	Ccnd3	
SATB1	1	Satb1	
FOXP1	1	Foxp1	
